fundo_municipal_PC,desp_orcament_PC ,receita_PC,fundo_municipal,desp_orcament,receita
515.88,915.81,1266.94,9996223,17745649,24549433
573.70,939.18,1318.48,9996223,16364291,22973214
287.13,724.22,1271.78,61447266,154986662,272167528
413.48,1024.84,1379.72,18326421,45422931,61151743
585.40,1468.31,1573.56,8330185,20894013,22391817
659.90,3409.90,2335.60,4998111,25826615,17689854
487.83,808.44,1359.28,8330185,13804949,23211149
1712.60,3038.19,4231.05,7794034,13826799,19255521
710.97,1266.50,1803.32,4998111,8903510,12677337
452.45,933.51,1471.57,11662260,24062233,37931241
629.70,1335.97,1746.37,6664148,14138581,18481834
490.25,909.66,1484.63,4998111,9273970,15135779
489.79,1058.24,1493.44,9996223,21597615,30479631
757.52,1163.72,1602.13,4998111,7678206,10570880
327.86,637.56,1002.27,16660371,32398143,50931204
862.94,1530.87,2131.92,7794034,13826799,19255521
584.16,984.59,1557.09,10076814,16984173,26859835
565.58,1157.64,1597.05,9658463,19768934,27272836
571.94,1331.73,1480.03,4741357,11040076,12269452
699.43,1360.88,1751.74,4998111,9724840,12517950
614.85,913.30,1531.10,6717876,9978731,16728771
503.36,941.97,1398.44,10076814,18857231,27995315
904.47,1379.65,1942.96,4998111,7623944,10736776
354.39,1204.38,1850.11,18474159,62784300,96446006
344.24,610.70,850.47,7794034,13826799,19255521
346.40,1123.66,1618.74,16660371,54043711,77854682
612.51,1105.96,1492.63,6664148,12032818,16239820
451.80,801.51,1116.20,7794034,13826799,19255521
468.84,940.49,1195.66,9996223,20052280,25492635
1159.59,1874.70,2674.61,5038407,8145570,11621190
540.70,1081.44,1645.44,6664148,13328775,20280036
212.95,377.78,526.11,7794034,13826799,19255521
514.49,912.72,1271.08,7794034,13826799,19255521
463.01,989.18,1329.12,11662260,24915456,33477800
500.70,1044.59,1482.05,11662260,24330520,34519894
558.51,767.16,1392.57,9996223,13730704,24924186
923.35,1335.87,2076.67,4998111,7231044,11241040
714.32,1174.84,2008.56,4998111,8220368,14053868
1005.16,1783.18,2483.30,7794034,13826799,19255521
899.26,1436.29,2075.38,4998111,7982926,11534984
554.01,1404.06,1799.40,6664148,16889465,21645033
442.80,1033.63,1294.98,9996223,23334257,29234067
1189.46,1841.24,2638.23,4998111,7736877,11085859
489.27,1166.73,1485.20,11662260,27810127,35401269
547.74,869.71,1426.39,9996223,15872141,26031639
432.06,831.81,1237.27,11662260,22452266,33396517
294.19,629.77,1283.35,274404974,587414048,1197043794
528.98,887.20,1365.93,9996223,16765353,25812063
271.11,480.95,669.78,7794034,13826799,19255521
486.01,1019.26,1608.62,4998111,10482088,16543097
362.36,1340.90,1999.64,16660371,61650398,91937331
611.66,878.96,1416.05,8330185,11970513,19285246
1368.60,1823.75,2600.70,4998111,6660319,9497763
315.57,559.83,779.64,7794034,13826799,19255521
486.82,976.03,1385.72,11578963,23214925,32959400
531.19,1022.30,1585.08,8330185,16031769,24857234
947.51,1368.80,2052.43,4998111,7220421,10826566
720.71,1177.77,1766.00,4998111,8167838,12247194
436.69,1042.85,1421.33,11663961,27854648,37963646
646.27,1146.50,1596.64,7794034,13826799,19255521
490.88,803.22,1289.34,9996223,16356697,26256109
588.64,1454.18,1769.64,4998111,12347477,15026005
1008.29,1646.15,2217.83,4998111,8159976,10993787
603.25,1180.56,1501.53,6664148,13041699,16587352
610.72,954.29,1520.49,6664148,10413208,16591605
1524.65,2704.77,3766.73,7794034,13826799,19255521
307.79,735.96,1234.24,21658482,51787823,86850884
489.78,819.06,1458.95,11662260,19502731,34739105
649.27,1076.54,1592.51,6664148,11049610,16345560
587.30,807.39,1206.32,6664148,9161409,13688163
564.26,1056.83,1440.70,8330185,15601921,21269066
673.06,1087.26,1730.40,4998111,8074016,12849969
303.53,884.46,1317.22,18326408,53402152,79531030
581.07,1038.26,1319.20,9996223,17861174,22694218
398.42,1332.55,2203.98,13269382,44380686,73403647
1743.93,2552.56,2943.28,4998111,7315627,8435435
506.06,1534.70,2326.01,11662260,35367172,53602926
480.33,970.37,1300.70,6663148,13460984,18043329
453.64,950.63,1413.85,11662260,24438894,36347135
790.62,3190.17,1898.12,6664148,26889947,15999217
517.03,852.41,1138.84,9996222,16480535,22018419
580.50,1090.59,1726.67,6664148,12519946,19822142
291.94,737.52,1105.49,19992445,50506122,75704750
742.42,1349.40,2123.92,4941550,8981637,14136780
725.31,1404.61,1817.60,4998111,9679199,12525073
333.71,647.17,1244.17,14994334,29078798,55902925
711.07,1261.45,1756.73,7794034,13826799,19255521
743.99,1010.19,1708.66,4998111,6786425,11478747
440.63,1062.24,1445.95,9996233,24097962,32802929
443.36,1100.70,1477.48,13339956,33117987,44454304
240.47,426.60,594.09,7794034,13826799,19255521
350.51,1146.40,1708.28,19129941,62567037,93233042
697.77,1338.85,1690.23,4998111,9590211,12107082
416.38,822.67,1306.93,13328297,26333750,41834947
570.44,1109.62,1587.47,8330185,16203804,23181783
510.78,997.04,1348.18,6664148,13008385,17589747
823.93,1345.32,1727.89,5044088,8236025,10578153
525.56,885.10,1403.89,9996223,16834654,26701898
364.41,1121.61,1268.84,14996390,46156445,52215352
453.75,885.80,1339.66,11662260,22766957,34432057
320.61,884.68,1221.91,19992445,55166937,76195568
459.02,859.21,1391.40,11662260,21829957,35351314
592.02,896.95,1395.44,4923270,7459047,11604519
574.27,1050.26,1263.76,9799263,17921683,21564796
531.91,943.62,1314.10,7794034,13826799,19255521
522.57,782.65,1236.01,8205451,12289108,19407789
521.61,988.87,1433.91,8205451,15555865,22556816
604.51,890.39,1332.97,6564361,9668771,14474755
1036.07,1481.94,2052.59,4767976,6819895,9446017
208.10,745.38,1057.43,29539623,105805838,150101427
462.91,1451.48,1816.29,9846541,30874530,38634404
1226.06,2175.05,3029.03,7794034,13826799,19255521
382.23,679.28,1016.79,13129905,23334102,34927895
456.04,673.92,1053.64,11487631,16976134,26541232
514.09,831.07,1316.93,8205451,13264732,21019551
450.21,611.93,1102.12,11487631,15614130,28121638
593.08,1114.42,1379.46,8279336,15557290,19257316
571.61,1267.11,1564.27,8239193,18264154,22547365
583.06,901.64,1456.26,8205451,12688845,20493988
480.69,693.12,1053.93,4923270,7098929,10794375
576.77,725.37,1112.91,9846541,12383472,18999663
568.15,907.66,1356.44,6564361,10487057,15672345
595.95,676.79,1523.34,6564361,7454873,16779567
555.33,747.33,1220.17,9846541,13250943,21634819
660.04,1228.31,1619.64,4923270,9161937,12080895
597.06,885.96,1420.42,8205451,12175691,19520899
567.80,1238.99,2265.29,6564361,14323964,26189071
349.50,911.30,1245.33,18051992,47069803,64322499
776.61,1377.72,1918.64,7794034,13826799,19255521
750.00,1330.52,1852.92,7794034,13826799,19255521
573.32,975.45,1400.97,4930009,8387902,12046981
573.30,1017.05,1416.37,7794034,13826799,19255521
592.45,740.81,1406.69,8205451,10260199,19482666
490.85,745.36,1164.06,9846541,14951865,23351039
560.65,1044.10,1429.22,6623469,12335008,16884761
332.71,822.42,1196.71,16410901,40565981,59027478
445.30,761.66,1192.74,9434595,16137319,25270590
377.39,1042.23,1335.12,13128721,36257173,46445993
586.79,692.52,1309.17,8207417,9686232,18311376
1234.60,2190.21,3050.14,7794034,13826799,19255521
303.79,840.12,1396.80,41748916,115454551,191957622
603.87,1003.36,1385.40,8219815,13657755,18858113
578.22,1460.55,1791.55,8205451,20726720,25423896
1207.82,2142.69,2983.96,7794034,13826799,19255521
451.72,1112.50,1563.99,9846541,24250222,34091931
512.17,800.50,1361.85,8205451,12824819,21818139
553.08,956.00,1411.65,8205451,14183270,20943193
505.74,897.20,1249.47,7794034,13826799,19255521
552.23,996.90,1476.26,9935203,17935140,26559408
310.22,1040.24,1215.73,19693082,66034530,77174572
649.10,1200.33,1559.44,6564361,12138916,15770595
569.12,1009.62,1406.03,7794034,13826799,19255521
436.53,1414.93,1585.96,6475509,20989013,23526166
446.82,736.84,1099.25,9846541,16237782,24224172
563.90,1033.06,1531.16,6289730,11522772,17078614
459.62,1034.41,1394.95,6564361,14773415,19922654
444.46,662.24,1024.25,4923270,7335635,11345659
612.52,930.52,1504.62,6564361,9972398,16124964
304.84,739.73,1188.47,19693082,47788210,76777841
418.92,743.18,1034.96,7794034,13826799,19255521
502.37,975.83,1371.10,9846541,19126203,26873627
431.11,821.91,1147.66,4923270,9386203,13106303
568.28,928.79,1245.76,9846541,16093200,21585340
409.94,634.28,1051.34,13128721,20313474,33670168
442.82,717.85,1113.75,9846541,15962174,24765283
474.85,884.11,1380.92,4923270,9166402,14317413
481.29,718.61,1075.58,6564361,9801137,14669817
345.38,820.46,1135.14,16410901,38984147,53936338
572.17,832.03,1324.08,9846541,14318375,22786056
533.72,2162.27,3676.07,8205451,33242811,56515946
656.91,1192.70,1674.83,8205451,14897955,20920313
417.16,812.26,1097.33,13128721,25563535,34535320
218.43,1426.19,2569.37,53072901,346520644,624280804
373.19,869.93,1161.08,13128721,30604207,40846908
408.96,866.35,1149.06,11487631,24335909,32277032
295.62,733.63,1260.18,19693082,48871762,83948180
697.59,989.65,1655.12,6564364,9312594,15574718
477.32,733.05,1162.48,11487631,17642431,27977324
406.01,781.45,1036.70,13128721,25268828,33522889
876.23,1554.45,2164.76,7794034,13826799,19255521
93.73,166.27,231.55,7794034,13826799,19255521
496.92,748.92,1070.48,6564361,9893268,14141057
394.26,707.21,1204.40,11007028,19743904,33624573
236.84,420.17,585.13,7794034,13826799,19255521
521.58,764.42,1295.85,8205451,12025873,20386374
572.22,835.80,1340.76,6596019,9634292,15454965
432.24,832.07,1126.34,11487631,22113920,29934649
762.48,1352.65,1883.73,7794034,13826799,19255521
457.59,1081.83,1697.87,9798804,23166396,36358091
553.24,1373.69,1687.09,4923270,12224459,15013396
404.78,846.21,1217.76,11487631,24015395,34560018
303.25,828.24,1139.50,19693082,53785628,73999067
452.54,833.11,1172.96,11498190,21167538,29802497
1884.87,1809.32,3246.31,4923270,4725941,8479362
321.30,725.61,1140.02,16410901,37061835,58228636
556.74,957.55,1273.65,4923270,8467656,11262844
458.12,812.72,1131.81,7794034,13826799,19255521
617.06,1004.50,1448.98,6623469,10782329,15553386
406.46,758.46,1017.28,13128721,24498220,32858117
520.82,914.67,1301.73,8205451,14410587,20508765
469.69,949.97,1218.82,9846541,19915270,25551315
542.42,1091.90,1691.17,9846541,19821208,30699747
482.89,690.35,1057.53,9846541,14076973,21564139
435.69,772.92,1076.39,7794034,13826799,19255521
317.43,686.14,975.62,19693082,42567923,60527640
381.36,569.39,1039.41,11487631,17151814,31310050
416.87,930.29,1373.07,9846541,21973534,32431885
582.70,739.68,1385.99,9846541,12499080,23420536
1055.82,1368.52,2023.35,4923270,6381387,9434877
512.82,732.36,1244.58,11487631,16405564,27879842
954.22,1692.80,2357.43,7794034,13826799,19255521
573.53,1138.40,1529.29,8205451,16287084,21879566
576.97,4857.99,1401.30,9846541,82906534,23914514
420.13,1503.47,1860.97,13128721,46982049,58153496
601.75,903.36,1436.14,8205451,12318194,19583177
976.65,1379.82,1968.13,4923270,6955677,9921358
491.20,1009.45,1306.47,9846541,20235338,26189404
617.88,893.77,1430.48,8205451,11869220,18996759
308.02,711.71,1010.66,18051992,41710687,59230652
408.13,909.61,1425.23,13128721,29260177,45846704
607.20,1077.19,1500.12,7794034,13826799,19255521
260.34,983.49,1331.29,17296758,65343222,88450848
578.10,963.95,1453.88,6564361,10945633,16508809
1271.32,1691.70,2165.83,4925085,6553652,8390435
619.51,998.41,1350.42,4923270,7934380,10731823
327.95,581.79,810.21,7794034,13826799,19255521
370.43,988.81,1332.99,14769811,39425794,53148843
410.90,1031.43,1978.47,13478316,33833064,64897641
320.70,807.14,1074.18,18051992,45433009,60464240
77.79,138.00,192.18,7794034,13826799,19255521
534.48,862.95,1283.20,9434595,15232846,22651011
796.13,975.06,1643.02,4923270,6029781,10160449
95.34,405.96,909.52,53072901,225973777,506279390
490.17,706.61,1331.02,8205451,11828596,22281296
914.43,1196.53,1687.80,4923270,6442112,9087106
615.79,950.71,1272.75,6564361,10134519,13567543
437.08,1388.14,1954.29,9846541,31271909,44026251
434.71,727.30,1160.39,13187221,22063450,35201482
1079.43,1288.73,1954.05,4923270,5877902,8912430
618.00,942.38,1112.92,6564361,10009994,11821483
544.29,988.79,1543.73,8205724,14907064,23273200
932.64,1654.52,2304.12,7794034,13826799,19255521
496.85,965.65,1286.84,9846541,19137332,25502600
472.85,915.34,1082.79,4923270,9530500,11274011
270.62,693.48,969.11,21334172,54668754,76398113
444.24,788.18,1196.98,9846541,17470102,26531000
622.00,727.40,1408.44,8205451,9595803,18580148
446.36,915.86,1349.38,11487631,23570668,34727661
489.29,1037.25,1327.84,4923270,10436761,13360683
473.29,985.17,1200.58,11487631,23912009,29140393
474.80,957.77,1603.41,8205451,16552261,27710138
519.83,836.74,1296.34,8205451,13207953,20462793
578.94,857.98,1214.65,9846541,14592516,20658792
579.03,859.53,1237.49,8205451,12180384,17536508
1011.77,955.06,1664.12,4923270,4647304,8097626
508.65,887.06,1512.68,11494555,20045874,34183458
618.81,1511.12,1728.11,4923270,12022447,13748848
606.43,1289.29,1538.47,11487631,24422957,29143258
529.11,932.37,1225.49,8205451,14459143,19004942
551.95,842.65,1293.08,9846750,15032917,23068589
451.84,787.22,1195.66,11487631,20014289,30398467
1483.17,2631.17,3664.23,7794034,13826799,19255521
539.65,1022.42,1366.61,8205451,15545962,20779357
584.13,1036.26,1443.12,7794034,13826799,19255521
447.34,893.75,1145.54,11498754,22973883,29446083
288.07,952.70,1122.81,53072901,175521044,206861298
361.61,758.13,1076.10,13128721,27524548,39068847
518.34,1176.32,1635.93,7946627,18034086,25080391
335.00,767.57,999.23,14870546,34072394,44356034
331.85,776.67,1014.59,19693082,46089798,60208890
530.24,853.88,1268.77,4923270,7928286,11780529
568.38,1245.04,1581.28,3979811,8717766,11072091
684.36,1089.46,1636.64,8205451,13062640,19623254
508.28,863.65,1275.33,11487631,19519257,28823756
418.25,968.03,1206.74,11487631,26587899,33144433
297.93,826.57,1392.39,19717265,54703440,92149738
404.64,986.30,1300.73,11487631,28001034,36927721
319.53,709.50,1123.97,19693082,43727264,69271681
38.08,67.56,94.08,7794034,13826799,19255521
472.39,948.20,1228.74,11487631,23058426,29880549
522.25,926.48,1290.24,7794034,13826799,19255521
597.20,1059.44,1475.41,7794034,13826799,19255521
540.08,1304.38,1715.39,8205451,19817395,26061865
692.44,1530.11,1800.32,4923270,10879096,12800277
501.44,1015.95,1404.96,6623469,13419733,18558128
673.59,1076.46,1604.06,4923270,7867822,11724056
467.08,986.97,1282.92,9846541,20806410,27045281
312.25,873.26,1094.42,19693082,55075556,69024268
622.96,1348.10,1839.97,4923270,10654044,14541268
568.61,922.44,1307.56,13128721,21298157,30190201
647.97,1069.81,1642.92,4923270,8128415,12482937
479.68,921.41,1249.26,9697148,18627141,25255138
376.07,667.16,929.10,7794034,13826799,19255521
597.03,811.92,1240.93,6564361,8927053,13644017
625.48,1565.93,2300.50,6564361,16434458,24143787
288.45,847.29,1151.70,19693082,57846737,78630285
406.95,842.69,1121.55,13128721,27186150,36182439
643.15,1180.88,1584.21,6564673,12053233,16170009
646.99,895.80,1422.63,4967602,6877918,10922963
531.13,923.48,1219.76,9846541,17120313,22613068
565.04,1174.88,1426.40,8205451,17061587,20714181
522.57,926.51,1179.05,6633019,11760164,14965663
293.88,1005.44,1035.44,10612829,36309624,37392686
494.46,1013.78,1344.85,9846755,20188322,26781295
543.20,952.22,1397.18,9846541,17260935,25326671
432.01,845.35,1228.99,11487631,22478779,32680205
602.23,957.33,1408.83,6564361,10434881,15356201
548.68,1576.61,2433.98,4923270,14146957,21840086
601.09,1236.17,1379.98,8205451,16874939,18838143
269.21,787.02,1121.41,21334172,62369171,88868285
321.71,540.50,907.75,16410901,27571368,46305287
378.59,962.99,1563.59,11487631,29219939,47443936
473.31,839.67,1169.34,7794034,13826799,19255521
476.55,1115.43,1518.47,4923270,11523470,15687316
338.60,742.52,1273.26,51431810,112784747,193401474
391.98,681.46,1085.72,14769811,25677491,40909789
580.72,777.93,1266.91,8198662,10982864,17886202
581.34,1383.90,1424.12,8205546,19533720,20101407
436.67,870.03,1122.06,9846541,19618338,25301356
268.09,1282.75,1391.66,53072901,253938901,275500110
645.54,1024.37,1502.93,6642602,10540768,15465108
545.14,956.01,1259.83,8205451,14389854,18963023
1203.90,2135.74,2974.28,7794034,13826799,19255521
737.55,780.13,1580.64,5923270,6265231,12694091
1262.05,1406.37,2111.24,4923270,5486244,8235963
588.88,833.13,1322.77,8205451,11608848,18431449
443.52,971.71,1456.08,9846641,21572980,32326362
1318.85,1971.83,2484.70,4923270,7360827,9275389
1250.83,1458.85,2259.26,4923270,5742036,8892440
592.81,1044.60,1400.57,4923270,8675417,11631696
686.65,1036.82,1414.88,6564361,9912012,13526296
447.93,956.16,1122.09,11487631,24521679,28777124
323.08,971.87,1644.83,52807636,158850502,268846286
474.85,908.80,1386.26,4923270,9422425,14372751
533.21,859.16,1241.69,6564361,10577147,15286400
384.39,563.29,1038.32,16410901,24048560,44329023
300.34,1017.13,1774.69,18051986,61134504,106667950
584.59,877.73,1440.00,6564361,9856073,16169747
480.05,1031.02,1283.62,8205451,17623230,21940908
348.79,844.56,1121.74,16410901,39737414,52779087
965.44,1712.72,2385.18,7794034,13826799,19255521
472.23,4081.90,6880.01,8205451,70927101,119547086
1107.42,1964.59,2735.94,7794034,13826799,19255521
560.61,954.68,1309.70,4923270,8383956,11501825
509.50,978.61,1312.99,9846541,18912536,25374767
486.70,863.42,1202.42,7794034,13826799,19255521
581.40,927.09,1327.24,4923270,7850599,11239081
570.34,855.41,1470.98,8205451,12306829,21163042
523.14,724.26,1402.98,6587344,9119820,17666263
533.41,888.87,1263.39,13128722,21877862,31095869
344.97,875.34,1356.33,14769811,37477535,58071201
408.04,723.88,1008.09,7794034,13826799,19255521
742.29,1316.84,1833.86,7794034,13826799,19255521
560.48,1020.99,1364.81,8205451,14947356,19980879
367.56,1681.50,2088.11,14769811,67567602,83906630
589.00,918.34,1481.13,6564361,10234847,16507171
456.70,1149.94,1437.30,9846541,24792645,30988089
433.90,844.03,1131.57,11487631,22345817,29958336
636.95,979.18,1527.70,6564361,10091404,15744497
478.78,849.36,1182.84,7794034,13826799,19255521
468.57,852.88,1208.37,4923270,8961250,12696389
344.91,964.59,1357.92,18051992,50484969,71070887
594.60,899.25,1385.54,4923270,7445804,11472275
373.36,865.77,1152.78,13128721,30443775,40536297
657.65,785.35,1282.86,8205451,9798758,16006218
778.14,1084.88,1977.90,8205451,11440025,20856943
367.70,1603.50,2442.09,13246938,57767677,87978727
669.89,971.28,1542.60,8205484,11897167,18895304
470.90,848.83,1100.38,11487631,20707220,26843862
672.85,1000.04,1500.88,4923280,7317319,10981930
639.05,1259.17,2114.89,6564361,12934150,21724122
397.51,683.16,978.30,11487631,19742620,28272009
459.07,782.60,1128.98,9846541,16786068,24215463
421.36,717.13,1059.90,11492281,19558918,28907773
511.24,1003.12,1702.38,6405785,12569118,21330778
535.40,1014.05,1522.21,6623469,12544787,18831253
589.15,825.22,1216.70,9846541,13791831,20334782
647.63,1034.65,1528.45,4923270,7865374,11619284
740.56,1326.50,1765.34,4923270,8818601,11735948
662.17,946.17,1307.55,4923270,7034801,9721649
618.32,874.55,1444.27,4967602,7026173,11603293
475.95,877.10,1235.76,11487631,21169736,29826310
340.51,938.56,1416.38,13128721,36187305,54609857
615.04,822.65,1288.56,6564361,8780190,13752853
545.22,655.75,1035.44,8206036,9869685,15584387
460.56,891.31,1182.17,11487631,22232015,29486986
451.03,896.98,1236.56,9846541,19581965,26995428
593.31,880.84,1389.69,4923270,7309169,11531680
474.52,841.81,1172.33,7794034,13826799,19255521
473.96,1014.08,1354.00,9846541,21067465,28129273
585.41,785.52,1251.64,4923270,6606189,10526298
468.86,829.22,1341.90,9846541,17414359,28181263
389.36,812.31,1188.57,11487631,23966482,35067649
280.58,497.76,693.19,7794034,13826799,19255521
604.90,978.86,1421.08,6564361,10622586,15421508
242.24,976.99,1503.22,26257442,105901484,162943518
566.76,1005.44,1400.20,7794034,13826799,19255521
716.01,1003.74,1552.27,4923270,6901704,10673406
580.03,919.64,1313.45,9857693,15629203,22322025
547.58,742.52,1335.14,9846541,13351969,24008482
399.54,882.34,1348.37,13128721,28993672,44307562
525.05,1012.73,1336.66,8205451,15826990,20889393
489.37,903.78,1324.93,9846541,18185051,26658952
634.73,1067.89,1410.57,6564361,11044108,14588104
502.43,1000.09,1355.48,4923270,9799838,13282329
513.52,825.05,1204.84,6564361,10546551,15401501
512.86,990.91,1122.96,11487631,22195379,25153108
451.12,869.75,1235.58,3979811,7672949,10900309
402.21,622.57,1058.45,9846541,15241248,25911825
296.96,629.22,884.94,13274560,28126945,39557874
397.05,1689.71,2472.00,13128721,55872015,81739066
521.25,854.84,1422.78,8205451,13456889,22397344
61.40,108.93,151.70,7794034,13826799,19255521
501.86,987.37,1307.59,4923270,9686061,12827455
415.81,1192.99,1508.05,11487631,32958650,41662928
596.76,893.52,1308.93,8205451,12285947,17997753
601.04,936.65,1377.44,8205451,12787102,18804814
478.70,801.38,1437.43,11415176,19109607,34276874
316.80,562.02,782.68,7794034,13826799,19255521
421.91,782.84,1270.98,11487631,21315136,34606283
515.31,801.66,1201.85,4923270,7659074,11482504
502.21,799.05,1395.02,11487631,18277501,31909679
379.13,889.73,1258.34,14769811,34661029,49020979
544.53,905.35,1316.95,6564361,10913938,15875887
448.86,836.06,1546.53,9846541,18340551,33926246
395.78,723.18,978.04,13128721,23989332,32443541
429.67,676.78,1138.87,13167573,20740682,34901701
574.77,935.31,1524.79,8205451,13352553,21767961
345.36,889.38,1120.42,16410901,42261621,53239926
906.07,1607.39,2238.49,7794034,13826799,19255521
630.85,759.12,1210.88,8205451,9873896,15749939
553.86,917.96,1229.14,8205451,13599553,18209694
550.79,916.93,1251.28,6564361,10927982,14912801
397.42,863.24,1153.79,14769811,32081494,42879447
633.22,1176.02,1674.03,4923270,9143566,13015606
384.37,681.16,1026.82,11487631,20357718,30688495
609.90,1485.85,1724.09,8206827,19993655,23199325
147.68,707.77,1142.92,395143162,1893759057,3058053437
516.50,737.97,1081.15,9846541,14068569,20610979
607.08,886.30,1414.35,9142641,13347753,21300076
437.39,919.08,1473.08,11487631,24138684,38689104
1168.00,2072.05,2885.59,7794034,13826799,19255521
633.44,843.49,1283.78,6564361,8741048,13303796
387.99,643.50,1032.97,13128721,21774620,34953670
584.09,1036.18,1443.01,7794034,13826799,19255521
366.41,727.91,1106.43,14769811,29341349,44599214
464.15,736.65,1219.78,11487631,18231965,30189454
560.99,1049.54,1447.04,4923270,9210790,12699263
437.62,841.55,1186.49,11487631,22090675,31145309
680.39,851.68,1546.68,6564361,8216994,14922375
312.32,680.23,1014.86,18051992,39317107,58659050
252.52,628.26,1052.26,22975262,57162298,95739469
342.75,747.09,1022.56,16410901,35770497,48960150
415.33,1691.79,2858.64,11487631,46793159,79067164
538.44,953.37,1403.85,4967602,8795748,12951914
582.03,879.67,1810.59,8205451,12401645,25525730
503.09,975.43,1564.50,6564361,12727363,20413607
484.93,742.36,1164.94,9846541,15073532,23654152
395.65,7511.72,12863.92,13128721,249261457,426863428
534.35,1099.35,1277.15,9846541,20257683,23534109
394.46,621.00,1097.37,13128721,20668607,36523700
1363.79,2419.39,3369.30,7794034,13826799,19255521
644.83,1156.54,1425.92,6564361,11773576,14515842
630.34,1148.90,1491.77,6564361,11964646,15535306
350.39,1115.29,1467.36,14769811,47012884,61853559
593.70,1075.17,1387.35,9846541,17831655,23009187
517.30,1075.73,1325.06,9810035,20400090,25128346
585.17,1107.06,1467.61,6554467,12400161,16438688
554.19,957.83,1418.95,6564361,11345487,16807428
186.47,330.80,460.68,7794034,13826799,19255521
632.95,1168.31,1565.50,6564361,12116561,16235851
284.52,705.17,1088.69,21173409,52477693,81019400
414.97,934.43,1369.73,13128721,29563359,43335430
394.65,1078.87,1390.77,14769811,40376889,52049432
430.32,763.41,1063.14,7794034,13826799,19255521
532.79,904.50,1321.97,8205451,13930234,20359712
277.93,703.85,1010.84,21334172,54028667,77594406
531.79,907.46,1190.44,6564361,11201706,14694828
236.33,1122.10,1655.28,27898532,132460093,195400841
544.76,1144.19,1549.00,6564361,13787542,18665398
618.97,1098.06,1529.19,7794034,13826799,19255521
447.57,943.93,1482.03,9846541,20766391,32604637
619.32,1234.83,1377.53,9846541,19632609,21901425
574.26,827.28,1430.17,6564361,9456595,16348257
492.01,913.52,1235.12,9846541,18282351,24718365
508.77,921.52,1287.47,8205451,14862240,20764330
620.33,893.57,1215.97,4967602,7155729,9737502
529.93,1018.22,1401.35,9935203,19089511,26272541
591.93,1388.84,1401.59,9776237,22938144,23148693
207.02,708.61,1048.31,28638941,98029291,145024175
987.21,1751.34,2438.95,7794034,13826799,19255521
462.49,881.31,1312.26,9935203,18932375,28190039
525.35,931.98,1297.89,7794034,13826799,19255521
512.72,991.40,1303.81,6564361,12692842,16692635
583.43,868.64,1391.28,9935203,14792125,23692046
148.69,263.78,367.35,7794034,13826799,19255521
477.12,908.37,1225.66,11591070,22067904,29776238
498.56,1012.85,1221.25,9846541,20003803,24119648
376.69,668.25,930.62,7794034,13826799,19255521
459.43,656.92,930.87,11487631,16425561,23275512
602.23,883.37,1228.56,8205451,12035942,16739166
458.47,813.34,1132.68,7794034,13826799,19255521
476.47,879.75,1346.68,11487631,21210863,32468385
498.33,846.69,1181.33,8205451,13941536,19451771
496.37,1099.77,1316.28,9846541,21816232,26110982
541.82,807.08,1321.02,9846541,14667004,24006853
259.10,680.35,981.99,22975262,60328426,87075830
384.14,794.65,1082.57,9434595,19516686,26587825
595.20,955.53,1323.59,8205451,13173001,18246967
568.44,876.78,1300.69,4923270,7593751,11265242
627.66,954.97,1606.96,8205451,12484366,21007788
540.48,870.74,1282.03,4923270,7931610,11678012
393.16,965.57,1534.02,14769811,36273603,57628665
726.77,1496.22,1770.24,4942041,10174309,12037648
172.95,660.39,1078.17,53072901,202649748,330854404
548.07,1160.25,1165.19,4923270,10422528,10466899
525.78,701.88,1376.15,6564361,8762925,17181269
517.72,1267.88,1766.12,11487631,28133053,39188472
360.39,833.20,1240.88,16410901,37940435,56504849
620.84,835.82,1480.55,6516360,8772791,15539848
531.06,858.77,1160.13,8145450,13171738,17794059
311.38,760.54,1120.51,17920058,43769662,64486636
318.43,680.18,1036.87,16290901,34798138,53046059
502.71,794.85,1334.58,8145450,12878878,21624237
604.99,1203.85,1483.45,6516360,12966635,15978237
712.85,1195.52,1972.12,4887270,8196453,13520833
597.50,1496.11,1403.80,9774540,24474897,22964747
358.08,1042.92,1286.56,14048215,40915859,50474503
707.10,1088.65,1731.51,4938404,7603108,12092864
584.95,1121.44,1379.59,8145450,15616073,19210729
287.13,937.01,1347.14,20853348,68053478,97840395
282.67,841.05,1155.27,19549081,58166337,79897062
449.12,1004.84,1416.33,11403631,25513988,35962041
621.14,1062.85,1519.36,6516360,11150407,15939572
472.54,1401.22,1464.93,9774540,28984333,30302084
565.21,1232.37,1621.04,6516360,14207941,18689027
1018.83,1807.42,2517.06,7794034,13826799,19255521
435.49,862.00,1232.56,9774540,19347687,27664765
464.19,678.53,1334.16,11403361,16668856,32774891
811.03,1163.42,1868.67,4887270,7010781,11260579
564.51,1118.57,1474.54,9774540,19368033,25531608
323.92,1390.47,1750.40,17919991,76924742,96837366
499.39,849.70,1242.29,9774540,16631173,24315329
454.33,712.32,1238.22,9774540,15324871,26639167
562.69,1023.89,1592.96,8145450,14821788,23059735
391.13,853.83,1127.03,13032721,28450345,37553787
330.37,783.75,1222.85,16290901,38647622,60299791
422.07,1054.00,1063.27,13032721,32545346,32831772
341.35,816.91,1101.31,17919991,42885880,57816600
324.43,955.41,1257.86,14661811,43177838,56846595
324.96,756.22,1055.81,19549081,45492549,63515123
411.36,725.21,1110.56,10903630,19222489,29436525
284.37,961.88,1166.04,21178171,71634029,86838570
572.88,1094.12,1530.21,9774540,18667874,26108528
488.24,837.64,1273.11,9774540,16769501,25487715
532.76,957.24,1390.79,9774540,17562417,25516840
432.07,927.38,1371.77,11403631,24476321,36205186
526.45,892.41,1341.99,9774540,16569341,24916763
486.41,1041.23,1296.79,8145450,17436436,21716016
295.41,725.67,1110.72,19539155,47997502,73465516
521.45,797.23,1223.94,9774540,14944054,22942694
654.77,990.33,1613.89,6516270,9855812,16061406
188.48,569.86,995.21,61339799,185457431,323880830
469.46,890.24,1272.46,11514549,21835010,31209700
516.56,1288.20,1401.54,6516360,16250660,17680409
506.99,981.98,1675.91,6516360,12621423,21540483
516.76,1111.85,1390.65,9774540,21030561,26304090
445.23,1099.57,1213.34,9774540,24139979,26637652
290.86,742.37,1061.39,21178171,54053095,77281812
228.07,615.46,1024.92,27694531,74733601,124453825
572.65,793.59,1369.34,9774540,13545786,23373258
434.81,1078.23,1393.91,9774090,24237477,31333698
537.21,1339.86,1588.17,4885934,12186068,14444404
714.51,1091.26,1717.35,4887270,7464203,11746681
321.84,1278.63,2265.00,14815210,58859131,104264950
514.26,1120.80,1401.68,9774540,21303042,26641753
453.36,914.70,1200.08,9876806,19927621,26144934
223.80,845.16,1370.91,548809948,2072489794,3361737150
549.74,1008.68,1454.84,8145450,14945577,21556403
501.61,912.29,1358.67,6516360,11851587,17650420
785.99,1976.64,2163.69,4887270,12290773,13453845
517.91,918.79,1279.52,7794034,13826799,19255521
339.56,778.72,1017.14,17876387,40995713,53547166
1055.79,1487.85,2465.06,4887270,6887243,11410757
477.83,1004.70,1512.88,4887270,10276109,15473767
473.36,878.38,1194.35,11403631,21160965,28773014
388.14,960.73,1146.08,14661811,36291589,43293299
1173.70,2079.05,2855.01,4887270,8657180,11888274
505.80,1050.95,1268.67,9774540,20309581,24517143
324.71,1210.75,1655.50,17919991,66817504,91362031
504.28,959.00,1408.64,6516360,12392183,18202486
478.98,971.38,1344.39,11403631,23126666,32007157
574.89,1274.10,1471.44,6516360,14441920,16678770
531.46,971.79,1896.45,9774540,17873183,34879575
298.66,777.88,1030.70,19549081,50917082,67465571
253.24,855.33,1119.83,24436351,82534785,108058245
445.92,795.01,1166.51,11403631,20330693,29831217
574.48,1248.31,1438.68,6516360,14159538,16318954
542.62,766.76,1253.18,6516360,9207962,15049424
363.85,797.42,1237.71,14661811,32132848,49874853
387.24,871.21,1244.44,14661811,32985885,47117052
593.61,1247.22,1473.60,8145450,17114403,20220752
437.85,1058.53,1345.82,9774540,23630732,30044146
664.98,1330.02,1785.67,4864986,9730422,13063976
367.68,698.50,1154.24,13169082,25018265,41341369
336.94,753.07,1101.62,16290901,36410764,53263391
224.58,663.77,993.84,26065441,77040176,115349854
524.78,899.63,1311.93,9774540,16756554,24436096
347.81,1075.82,1256.95,13032721,40311960,47099286
517.34,1069.48,1411.32,9774540,20206703,26665464
547.19,1086.36,1237.97,9774540,19405713,22113899
626.63,1172.45,1693.76,6516360,12192329,17613401
378.76,969.12,1216.20,13032721,33346293,41848194
408.52,845.93,1192.56,13169075,27269377,38443274
427.29,829.23,1284.32,11403631,22130406,34275910
638.02,1043.78,1753.96,4887270,7995337,13435346
485.11,976.35,1379.12,8247925,16599895,23447790
242.89,669.17,973.23,60708326,167251649,243249207
476.84,860.63,1257.35,11352188,20489065,29933678
366.79,878.68,1128.35,11403631,27318292,35080550
318.50,1057.22,1192.11,17919991,59483572,67072736
540.39,1090.75,1374.06,9774540,19729450,24853947
290.39,1097.13,1707.36,60708326,229363544,356934760
229.53,711.10,943.84,26065441,80753706,107183234
461.63,1045.88,1411.21,11403631,25836462,34861165
648.14,1014.45,1645.66,6620125,10361609,16808821
370.34,652.11,1110.17,13032721,22948343,39068032
368.24,727.31,1104.45,16290901,32176318,48860713
475.89,1287.40,1347.06,6516360,17628309,18445296
402.73,770.01,1067.96,11403631,21803633,30240270
622.46,961.06,1510.74,8145450,12576465,19769480
516.08,962.23,1391.10,6605805,12316510,17806143
380.25,843.87,1140.82,13032721,28922715,39100435
381.61,553.95,952.48,16290900,23648177,40661542
585.13,1009.97,1495.56,9774540,16871609,24983305
314.98,736.14,1244.98,19549071,45688452,77269918
605.61,1104.60,1558.15,4887270,8914104,12574285
472.20,815.47,1129.88,9774540,16880300,23388606
577.61,920.04,1543.71,8145450,12974348,21769404
567.38,942.07,1327.01,6516360,10819684,15240672
571.37,1161.58,1529.46,8145450,16559428,21803939
412.14,926.48,1310.61,12762043,28688545,40582987
415.39,966.80,1166.64,11403641,26541520,32027793
475.01,1032.52,1363.22,11403541,24787703,32726898
456.99,900.59,1217.80,9774540,19262636,26047498
289.79,712.36,1098.16,17919991,44051199,67908316
292.92,653.37,991.85,21178171,47237744,71709761
561.42,1173.42,1509.16,6516360,13619942,17516781
824.99,1869.87,2003.57,4938402,11193040,11993386
551.41,997.92,1415.80,4888816,8847572,12552444
542.80,904.07,1330.61,6516360,10853334,15973998
411.96,1119.39,1642.11,13032721,35412940,51949751
379.60,818.07,1152.47,11403631,24575790,34621209
420.62,902.69,1360.51,13169075,28262477,42596321
576.26,1518.89,1725.75,6516360,17175610,19514782
350.01,792.37,1101.22,14661811,33192230,46130220
594.12,1645.34,1803.99,4887270,13534540,14839596
368.16,1090.56,1175.14,13032721,38605895,41599881
516.94,1252.32,1397.18,8145450,19732743,22015411
484.77,891.21,1370.69,9056904,16650458,25608591
526.63,766.30,1172.59,8145450,11852313,18136476
478.39,964.47,1674.18,4887281,9852988,17103418
649.45,1152.14,1604.49,7794034,13826799,19255521
540.83,1160.40,1368.40,8145450,17476797,20609408
480.58,1159.92,1349.58,4938415,11919387,13868276
797.79,2150.03,1929.40,4887270,13171112,11819524
391.25,694.08,966.59,7794034,13826799,19255521
262.74,652.69,994.32,21178171,52609734,80146430
548.71,1071.92,1516.41,8230672,16078846,22746168
295.06,778.16,1099.17,21211221,55939322,79016370
503.53,941.12,1364.89,9774540,18269094,26495281
431.71,966.62,1389.27,11403631,25533268,36697685
502.42,858.75,1322.91,9774540,16707038,25737157
282.66,690.82,1088.87,19739227,48241911,76038825
517.11,1149.22,1470.98,8145450,18102460,23170862
527.11,1111.71,1477.41,8145450,17179256,22830435
372.11,874.26,1178.14,11143070,26180458,35280596
569.28,1003.18,1452.77,9774540,17224670,24944134
380.96,907.95,1253.61,16290901,38826822,53608235
368.76,559.22,1074.08,16290942,24705309,47450612
334.06,1183.76,1884.12,14661811,51955038,82694103
618.64,1108.76,1581.05,4887270,8759178,12490263
528.41,1056.26,1470.21,6516360,13025799,18130657
430.83,843.04,1195.18,11403631,22314337,31635328
713.26,1118.36,1723.04,4887270,7662996,11806295
327.63,1101.27,1784.28,61670632,207296026,335860213
553.33,974.09,1389.13,9774540,17207260,24539035
390.48,787.37,1046.12,11403631,22994475,30550808
433.67,1314.20,1513.31,11037308,33447735,38515221
548.52,1065.63,1539.31,4887270,9494743,13715214
325.00,962.61,1227.20,18107478,53633016,68374563
484.07,1141.02,1435.34,8145450,19199986,24152500
283.76,693.78,1105.79,19549081,47795663,76180395
352.13,735.97,1063.68,18107478,37845215,54696745
565.34,1253.85,1345.18,8145450,18065507,19381414
410.00,846.03,1186.33,13032721,26892913,37709714
647.75,990.30,1461.86,4887270,7471824,11029718
519.87,784.16,1253.36,9774540,14743862,23565654
494.54,1118.91,1265.05,9774540,22115158,25003616
632.26,1075.37,1542.53,8145450,13854040,19872472
555.59,983.54,1355.20,9774540,17303448,23842026
381.48,820.86,1036.30,14661811,31548955,39829343
326.08,851.09,1198.92,17919991,46771822,65886802
201.87,775.86,1245.61,21003553,80725472,129601737
719.82,971.23,1704.31,4250526,5735140,10063946
483.63,1077.77,1210.53,5600947,12481649,14019100
384.49,704.24,1017.25,8401421,15388318,22227954
350.76,960.85,1128.85,8401421,23014340,27038100
449.21,536.07,927.26,4969662,5930550,10258244
341.54,802.28,936.09,8401421,19735269,23026762
360.69,917.54,1176.61,11201895,28496012,36541833
520.24,1290.96,1534.98,5600947,13898428,16525558
653.20,2306.22,1564.20,4200711,14831330,10059381
334.17,850.89,1004.75,12675651,32276110,38112182
387.56,681.87,1063.38,9801658,17245137,26893928
405.37,1129.07,1416.40,5650474,15738152,19743138
468.02,983.22,1197.22,7001184,14707934,17909176
400.84,896.22,904.78,5600947,12522862,12642515
296.49,834.68,897.77,12602132,35477865,38159881
245.85,436.15,607.39,7794034,13826799,19255521
273.59,485.36,675.92,7794034,13826799,19255521
632.45,869.51,1379.28,7214394,9918529,15733485
210.01,814.93,949.72,21003553,81504786,94985782
469.09,1472.96,1920.23,7001184,21983953,28659411
469.41,832.74,1159.69,7794034,13826799,19255521
799.55,1260.02,1731.33,4231998,6669265,9163943
93.31,165.53,230.53,7794034,13826799,19255521
470.91,803.50,1023.99,8401421,14335257,18268986
219.76,818.39,936.00,18203079,67787414,77529269
254.91,736.55,1011.90,14002368,40458474,55583600
649.09,1094.41,1645.94,4234665,7139956,10738083
409.73,1533.28,1236.23,4936780,18474476,14895393
768.24,1150.73,1580.70,4201484,6293343,8644823
412.97,842.45,1089.97,8401421,17138724,22174388
700.59,1007.85,1375.91,4200711,6043073,8249930
528.46,1258.12,1274.00,4200711,10000772,10126994
322.73,972.78,1112.18,12602132,37986106,43429462
344.41,852.85,1046.81,9801658,24271368,29791260
377.98,942.14,1059.56,5600947,13960604,15700500
335.80,782.66,1031.52,11201895,26108809,34410346
1397.53,2479.25,3452.67,7794034,13826799,19255521
362.85,987.48,1246.34,9801658,26674720,33667295
366.89,796.69,1010.92,8401421,18243315,23148957
257.57,736.74,874.03,16802842,48062746,57019006
473.56,806.33,1121.86,7001184,11920724,16585591
497.36,905.71,1514.21,4200711,7649668,12789036
735.77,1305.28,1817.76,7794034,13826799,19255521
308.93,818.95,1012.39,5665234,15017838,18565123
582.99,1034.24,1440.31,7794034,13826799,19255521
453.61,671.13,1130.68,8394105,12419266,20923217
410.87,843.18,1411.13,8401421,17241324,28854809
551.59,1394.56,1492.22,5900947,14919054,15963717
409.16,830.92,1280.10,9803124,19907937,30669921
383.19,1084.86,1254.17,8432547,23873462,27599218
352.81,1062.77,1380.35,54731024,164866742,214132057
756.92,1342.80,1870.01,7794034,13826799,19255521
532.61,1019.16,1508.96,4200711,8038110,11901185
334.32,864.35,1024.61,4200711,10860510,12874218
397.30,841.09,1254.04,7001184,14821601,22098718
229.08,988.00,991.40,16802842,72469974,72719370
409.40,1225.91,1279.60,5600947,16771716,17506184
189.80,735.98,1020.73,22403789,86873200,120484914
299.52,1323.93,1021.31,14002368,61893613,47746474
286.26,695.60,955.70,11201895,27220259,37398286
539.90,957.80,1333.85,7794034,13826799,19255521
272.22,899.85,1080.72,16802842,55543472,66707183
353.62,816.34,1151.63,11546534,26655230,37603038
445.26,988.28,1086.19,5600947,12431578,13663210
370.42,858.52,1069.21,8401421,19472039,24250861
522.84,1478.11,1341.62,5567732,15740412,14286860
455.31,625.62,1207.91,8401421,11543850,22288375
273.52,1026.12,1235.40,9801659,36771136,44270455
516.95,759.45,1283.70,4200711,6171253,10431386
454.57,1033.81,1572.18,4200711,9553402,14528557
473.14,1262.34,1025.21,8401540,22415359,18204721
480.93,796.01,1196.43,5600947,9270329,13933647
463.72,927.96,1202.34,7001184,14010324,18152859
526.65,787.10,1019.97,5600947,8370809,10847359
443.94,593.13,1022.99,7760937,10369041,17883972
474.39,810.26,1280.92,4841194,8268668,13071754
440.46,885.13,1075.79,7001184,14069076,17099622
437.82,655.76,1195.64,7001184,10486202,19119510
1062.29,1884.53,2624.44,7794034,13826799,19255521
469.84,924.78,1219.17,5600947,11024340,14533669
385.88,1060.88,1347.61,9801658,26947377,34230612
684.15,902.81,1398.73,4200711,5543226,8588218
248.06,726.80,1035.50,15402635,45129234,64297017
463.62,951.66,1185.89,5600947,11497054,14326776
378.21,920.03,1292.80,9904818,24094781,33857119
389.81,868.09,1164.15,9801658,21828223,29272617
446.29,1196.61,1406.94,5600947,15017486,17657070
507.29,1254.62,1297.86,5600947,13852254,14329708
226.79,838.11,1216.95,56131261,207436228,301201786
545.15,967.11,1346.82,7794034,13826799,19255521
247.99,713.00,996.48,15402605,44284702,61891164
394.23,1095.41,1192.54,9801658,27235223,29650055
492.69,1160.84,1482.14,4200711,9897306,12636753
504.79,895.52,1247.12,7794034,13826799,19255521
412.22,1397.66,1625.44,8401421,28485692,33128057
453.65,763.14,1208.18,7001184,11777570,18645818
1044.95,1878.35,2522.01,4200711,7550981,10138494
291.28,773.76,983.52,13423165,35657160,45323589
391.53,1077.68,1193.07,4200716,11562465,12800465
248.32,444.67,600.61,3827102,6853323,9256587
512.25,1646.80,1233.55,5600947,18006137,13487626
538.97,1198.94,1438.68,4200711,9344520,11213060
399.42,801.04,1244.11,4200711,8424537,13084264
606.78,1557.24,1683.99,4200711,10780757,11658261
490.32,841.22,1175.14,5600947,9609243,13423576
491.74,1169.73,1258.45,5600947,13323198,14333770
645.27,1127.66,1378.65,4200711,7341084,8975011
398.09,1119.49,1222.81,7001184,19688528,21505554
415.43,866.53,1252.42,7957480,16598402,23990178
522.01,1121.07,1394.54,4202741,9025728,11227423
398.22,923.23,1134.83,5600947,12985293,15961447
462.12,1236.43,1526.14,7001184,18731970,23120999
383.89,880.40,1079.20,8401421,19267593,23618244
316.03,780.57,1041.76,9801658,24209394,32310217
406.04,770.08,1311.63,5600947,10622419,18092671
517.46,774.27,1252.98,4200711,6285532,10171721
410.79,703.72,971.24,8401421,14392391,19863746
343.94,934.75,1085.22,8401421,22833228,26508718
492.42,1187.78,1304.06,7001184,16887869,18541164
348.90,743.29,906.92,11073258,23590452,28783963
443.72,1172.44,1360.10,4176756,11036183,12802660
472.45,857.92,1249.02,8401615,15256342,22211375
449.37,713.50,1149.96,5600947,8893047,14333098
859.92,1620.96,1843.48,4200711,7918392,9005387
1698.05,3012.37,4195.10,7794034,13826799,19255521
439.08,1164.39,1119.83,8401421,22279353,21426742
455.66,796.83,1164.87,8475711,14821802,21667716
421.23,1110.78,1174.56,5552183,14641141,15481920
208.57,398.82,637.27,21925342,41924753,66990338
447.74,784.08,1223.01,8401421,14712480,22948540
417.92,821.84,1084.28,8401421,16521461,21797195
323.89,801.16,1200.87,11201895,27708920,41533444
478.39,924.38,1499.52,8401421,16233957,26334552
431.40,765.31,1065.78,7794034,13826799,19255521
385.77,1027.53,1329.30,5600947,14918722,19300074
348.68,873.54,1161.76,7001184,17539908,23326972
319.46,685.66,1123.14,12602132,27047752,44305578
369.59,970.24,1210.53,8401421,22055521,27517668
334.57,135.60,420.80,11464662,4646728,14419388
405.78,655.33,1013.33,5600947,9045531,13987016
398.93,1175.98,1214.16,8457711,24932033,25741312
359.59,1158.99,1536.11,11201895,36104903,47852958
232.89,809.01,980.38,18203079,63233572,76628622
389.08,888.08,1301.71,8566067,19552046,28658409
402.65,777.11,1327.81,6998532,13506937,23078701
384.64,1101.28,1255.60,7580387,21704006,24745441
379.26,1101.44,1601.11,8165557,23713947,34471896
1292.54,2293.00,3193.29,7794034,13826799,19255521
281.73,566.32,865.46,12602132,25331928,38712819
484.54,1123.94,1260.62,5592050,12971345,14548799
659.04,1375.22,1563.09,4200711,8765655,9963165
407.88,1153.36,1187.74,7001184,19797448,20387600
727.26,1290.17,1796.73,7794034,13826799,19255521
401.39,732.73,1025.43,5600947,10224501,14308868
372.30,665.09,1089.98,9801658,17509865,28695813
415.73,909.74,1329.31,8401421,18384953,26864090
574.02,840.06,1459.70,4200711,6147568,10682063
196.94,349.37,486.55,7794034,13826799,19255521
766.30,1603.75,2278.92,4204669,8799760,12504445
594.92,1115.66,1393.49,4200711,7877664,9839434
286.42,899.59,955.42,11201895,35182811,37366660
246.16,823.75,1031.22,19024113,63661002,79694716
245.84,642.03,972.39,18203079,47537467,71999008
371.38,1037.69,1288.49,8409563,23497368,29176628
335.78,989.11,1183.63,9801658,28873057,34551371
346.10,753.26,1003.02,11201895,24380005,32463750
480.31,790.45,1171.90,5600947,9217436,13665470
563.97,1000.49,1393.31,7794034,13826799,19255521
490.01,995.68,1431.34,7001250,14226242,20450995
472.02,932.88,1261.58,8401421,16604418,22454833
309.36,858.33,969.52,12602132,34964765,39494388
294.38,522.24,727.28,7794034,13826799,19255521
1116.14,1980.07,2757.49,7794034,13826799,19255521
272.29,953.61,1028.38,9150847,32047824,34560633
856.01,2244.05,1871.05,4024957,10551506,8797686
409.39,808.47,1076.52,4200711,8295705,11046186
266.31,334.01,535.97,3234630,4056897,6509854
236.41,406.20,647.00,4709236,8091577,12888290
455.03,1267.95,1605.46,5600947,15607137,19761646
720.74,1278.60,1780.61,7794034,13826799,19255521
487.38,1309.02,1242.29,8401421,22564808,21414566
393.20,911.57,1110.78,9801658,22723529,27689420
335.68,620.09,836.05,54731024,101102537,136314178
560.39,1184.88,1293.93,4200711,8881841,9699289
270.39,1133.53,1526.22,274404974,1150349664,1548867671
416.88,1136.89,1249.34,8401421,22911766,25178037
325.21,667.58,984.63,12713566,26097765,38491991
465.66,1289.53,1453.91,5600947,15510444,17487606
949.31,1793.66,1961.22,4200711,7936951,8678393
400.66,1016.72,1366.14,7001184,17766219,23871979
689.77,1261.59,1636.99,4200711,7683085,9969296
709.74,1249.07,1577.67,4227897,7440697,9398173
373.58,662.74,922.95,7794034,13826799,19255521
650.04,1153.19,1605.97,7794034,13826799,19255521
409.59,1155.30,1188.20,4200711,11848808,12186158
466.80,1292.99,1337.13,8401421,23271182,24065649
712.43,1263.88,1760.10,7794034,13826799,19255521
407.01,1252.42,1184.60,6919921,21293710,20140507
746.27,1323.90,1843.69,7794034,13826799,19255521
910.62,1962.20,1838.66,4200711,9051610,8481754
538.83,1708.11,2245.08,4200711,13316446,17502680
350.10,707.10,927.17,9801658,19796605,25958075
352.06,1094.40,1121.42,54731024,170135928,174335392
443.28,868.59,1133.08,8401421,16462465,21475329
750.66,1335.38,1785.06,4200711,7472783,9989178
321.62,909.47,1070.68,12602132,35635607,41952647
330.12,940.44,1126.55,11201895,31911893,38227185
370.55,882.37,1038.89,8465573,20158612,23734431
147.65,261.93,364.77,7794034,13826799,19255521
341.90,693.30,1070.07,8401421,17036445,26294731
283.38,684.77,1095.33,14002368,33835883,54122499
282.90,464.08,950.79,14002368,22970095,47060384
373.13,1392.59,1034.37,4200711,15677818,11644909
249.67,442.93,616.83,7794034,13826799,19255521
353.84,701.24,1082.04,11201895,22199768,34255294
279.08,850.23,1012.44,14002368,42658399,50797060
495.58,929.56,1224.48,4682740,8783402,11570095
846.79,1268.02,1592.34,4682740,7012136,8805656
383.66,577.52,829.05,10926393,16447318,23610578
474.82,939.61,1117.79,9344861,18492391,21999141
459.90,664.71,1065.66,6243653,9024075,14467432
893.82,1175.58,1621.96,4682740,6158849,8497452
3294.18,5843.96,8138.43,7794034,13826799,19255521
432.83,767.86,1069.34,7794034,13826799,19255521
514.56,835.54,1085.88,9365480,15207749,19764082
2242.69,2116.06,3277.11,4682740,4418331,6842600
610.05,878.15,1209.26,4682740,6740682,9282258
543.75,846.63,1180.06,9365480,14582277,20325303
493.45,1030.60,1063.69,6243653,13040163,13458926
496.08,811.54,1223.74,9365480,15321038,23102990
458.53,775.49,978.98,10926393,18479050,23328079
2430.07,1897.24,3534.87,4682740,3655989,6811701
723.76,974.32,1380.61,4682740,6303826,8932539
490.80,897.07,1175.01,9365480,17117948,22421593
1329.57,1632.07,2173.29,4682740,5748152,7654318
584.47,1187.19,1522.41,4682740,9511727,12197513
428.61,885.51,1236.98,9365480,19349314,27029152
1109.65,1424.17,1933.77,4682740,6009984,8160498
570.65,1042.19,1348.39,4682740,8552180,11064900
550.54,976.68,1360.14,7794034,13826799,19255521
834.56,1207.69,1571.85,4682740,6776361,8819656
78.16,138.66,193.10,7794034,13826799,19255521
547.91,504.26,953.87,9365480,8619303,16304540
655.57,771.11,1259.33,4682740,5508027,8995416
1522.84,1589.57,2632.93,4682740,4887937,8096251
814.25,1054.16,1628.29,4682740,6062497,9364316
752.01,1368.88,2187.07,4682740,8524020,13618912
3247.51,5761.17,8023.13,7794034,13826799,19255521
930.04,1161.45,1538.76,4682740,5847914,7747665
577.90,960.75,1159.60,6243653,10379949,12528368
462.14,897.46,1150.75,7804567,15156298,19433861
760.68,950.76,1508.83,4682740,5852909,9288339
916.21,1173.64,1669.99,4682740,5998486,8535333
475.78,962.92,1143.16,6243653,12636356,15001666
755.52,971.97,1431.15,4682740,6024279,8870273
459.95,1233.33,1696.48,9365480,25113033,34543744
930.04,944.13,1668.10,4682740,4753687,8398877
296.32,1501.03,2141.68,17170047,86975574,124097646
494.18,1105.33,1333.20,4717461,10551452,12726740
1316.49,1594.91,2135.36,4682740,5673091,7595458
563.26,845.38,1177.33,9433439,14158444,19717960
687.22,1224.57,1771.08,4682740,8344221,12068128
648.58,989.51,1350.11,4682740,7144262,9747760
293.82,745.52,984.62,17172578,43572846,57546913
1555.13,1796.80,2506.42,4716719,5449696,7601965
1382.66,2452.86,3415.92,7794034,13826799,19255521
814.53,1240.88,1490.17,4682740,7133792,8566963
154.06,772.95,1162.75,59344791,297750623,447906379
836.05,1181.65,1587.81,4682740,6618415,8893351
1201.01,1548.99,2014.84,4682740,6039512,7855855
1905.45,2366.34,2906.33,4531161,5627166,6911253
663.47,1062.99,1411.63,4682740,7502594,9963260
973.14,1149.83,1626.30,4682740,5532991,7825770
379.93,735.08,996.07,10926393,21140224,28645871
1030.76,1291.62,1887.51,4682740,5867843,8574944
510.02,944.97,1076.87,9365480,17352560,19774632
711.23,1200.55,1306.48,4682740,7904391,8601868
437.64,1112.93,1676.19,9365480,23816763,35870381
999.09,1283.03,1749.33,4682740,6013578,8199120
515.19,760.02,1067.05,7804567,11513480,16164736
2644.12,2445.86,3478.78,4682740,4331615,6160923
480.07,794.83,1152.38,7804567,12921518,18734271
1135.16,2013.81,2804.47,7794034,13826799,19255521
468.79,884.25,1088.09,9365480,17665570,21737902
679.74,869.76,1330.62,4682740,5991771,9166640
754.69,1490.30,1757.32,4680583,9242812,10898910
898.97,1253.89,1781.05,4682740,6531530,9277496
1869.36,1769.78,2885.48,4682740,4433302,7228128
955.66,1473.89,1910.48,4682740,7222082,9361352
586.00,982.90,1189.46,4682740,7854350,9505009
1333.35,1353.84,2010.62,4682740,4754677,7061283
707.79,1092.29,1396.33,4682740,7226610,9238100
586.57,994.65,1362.09,6168984,10460784,14325076
1296.51,1606.60,2263.68,4716719,5844809,8235275
1411.74,1729.62,2178.46,4682740,5737149,7225956
401.59,780.31,1112.54,12487307,24263663,34594318
547.45,934.06,1189.22,6243653,10652898,13562998
1596.57,1976.62,2434.71,4682740,5797441,7140993
559.07,985.92,1323.01,4682741,8258094,11081509
310.34,612.85,1011.96,17170057,33906351,55987787
562.61,915.20,1175.96,7804567,12695603,16312963
1482.32,1518.01,2286.61,4682650,4795384,7223410
781.13,879.12,1349.74,4710988,5301967,8140274
686.58,1218.01,1696.22,7794034,13826799,19255521
515.15,944.66,1067.00,9365480,17173974,19398086
446.32,440.19,755.82,10926393,10776365,18503189
403.82,618.62,950.65,9365480,14347148,22047497
462.51,879.95,1045.97,7861199,14956539,17778381
459.05,838.02,1012.81,4682740,8548674,10331646
559.79,967.51,1230.55,7804567,13489043,17156342
621.22,1008.88,1325.88,4682740,7604913,9994471
303.45,1023.36,1584.96,219552774,740412734,1146739454
627.80,897.90,1300.20,4682740,6697454,9698193
465.22,814.19,1139.40,7804567,13658781,19114641
704.93,903.33,1379.28,4682860,6000850,9162546
609.91,925.11,1195.01,6243653,9470370,12233324
632.38,888.30,1229.98,6213775,8728448,12085811
1000.37,1250.17,1906.98,4682740,5852069,8926581
635.38,1072.77,1456.81,4682740,7906351,10736667
421.89,834.20,1018.54,10927018,21605714,26380280
1648.27,2796.76,2779.41,4682740,7945589,7896300
653.27,1070.59,1350.60,4680050,7669679,9675684
1187.91,1250.80,1925.88,4682740,4930670,7591812
532.28,690.04,1199.70,6243653,8094136,14072443
1165.15,1329.53,1946.72,4682740,5343396,7823877
834.27,1025.94,1416.17,4682740,5758582,7948966
332.09,753.19,970.28,14048220,31862177,41045665
580.32,845.55,1111.86,6243659,9097298,11962517
615.42,951.05,1627.31,4682762,7236539,12382201
442.27,812.63,1025.00,9365480,17208178,21705404
764.76,1096.26,1622.58,4720845,6767230,10016195
483.93,791.39,1088.85,6243653,10210463,14048393
636.79,1729.95,2196.23,4716719,12813744,16267441
1083.72,1081.85,1855.05,4682740,4674685,8015691
1733.06,2042.51,2567.50,4682740,5518852,6937375
788.47,1206.46,1572.32,4682740,7165183,9338016
499.85,776.51,1115.81,6243653,9699339,13937579
938.42,1273.18,1740.30,4682740,6353153,8684113
1038.76,1211.69,1681.94,4682740,5462278,7582178
404.75,747.56,1085.79,12487307,23063691,33498711
494.53,850.15,1077.15,4682722,8050025,10199501
590.92,767.70,1172.49,6243653,8111511,12388479
643.23,979.14,1291.73,4682740,7128106,9403776
592.77,829.22,1108.25,6243653,8734140,11673232
771.46,1163.49,1471.76,4682740,7062385,8933585
1073.78,1640.38,1882.40,4682740,7153686,8209151
675.62,884.84,1287.94,4682740,6132820,8926727
1285.24,1393.35,2110.64,4661580,5053677,7655309
2661.90,4722.27,6576.34,7794034,13826799,19255521
3728.30,3710.83,5215.94,4682740,4660805,6551219
2097.06,2020.68,3082.93,4682740,4512183,6884183
232.57,863.10,949.76,23413700,86891672,95616180
529.66,758.92,1114.19,6243653,8946125,13134081
1258.46,1393.63,2079.73,4682740,5185694,7738675
626.62,1248.51,1559.70,4684012,9332609,11658737
404.20,703.84,1085.72,10926393,19026203,29349076
500.09,1280.40,1569.78,7733950,19801453,24276694
513.97,952.56,1330.79,9365480,17357468,24249606
557.92,624.46,961.67,6243653,6988338,10762101
671.07,1155.30,1537.24,4682740,8061655,10726864
908.39,1129.96,1642.56,4682740,5824919,8467408
604.65,744.01,1158.98,6243653,7682641,11967679
457.83,812.19,1131.08,7794034,13826799,19255521
458.23,813.85,1104.78,7804567,13861574,18816572
1248.40,1569.34,2749.14,4682740,5886606,10312034
1177.16,1722.14,2363.25,4682740,6850680,9400995
388.89,864.37,947.70,12487307,27755038,30430587
1215.03,1421.57,1910.01,4682740,5478732,7361193
440.05,973.17,1034.82,9365480,20712078,22024053
603.11,1069.94,1490.02,7794034,13826799,19255521
342.23,823.13,949.94,14048220,33788475,38994267
2756.15,2659.18,4021.19,4682698,4517946,6832001
532.70,930.67,1149.05,9365480,16362087,20201457
812.27,1345.35,1557.19,4682740,7755963,8977213
1433.78,1537.69,2318.20,4682740,5022105,7571257
1098.20,1398.79,1902.65,4682740,5964442,8112902
1124.58,1435.00,2024.73,4682740,5975322,8430963
2719.36,3199.10,3899.20,4682740,5508852,6714414
563.24,960.01,1128.49,4682740,7981556,9382254
475.56,965.01,1206.86,10926393,22172077,27728891
1334.87,1472.05,2121.71,4682740,5163934,7442968
521.35,593.64,949.48,6243653,7109456,11370994
703.33,1107.90,1482.96,4682740,7376384,9873571
723.65,914.22,1291.28,4682740,5915913,8355874
872.18,1398.90,1657.35,4682740,7510691,8898335
2202.33,3906.98,5440.95,7794034,13826799,19255521
530.24,847.23,1047.03,7804567,12470451,15411277
878.40,1241.32,1617.23,4682740,6617478,8621437
1072.67,1902.95,2650.09,7794034,13826799,19255521
1790.72,2411.65,3351.44,4682740,6306467,8764018
220.56,699.88,1015.98,26535527,84202031,122232641
1022.21,1232.82,1786.94,4682740,5647553,8185957
1775.24,1494.88,2466.67,4683085,3943506,6507086
353.85,968.88,1035.18,10926393,29918128,31965170
1131.64,923.24,1744.60,4682740,3820373,7219138
3220.68,5713.55,7956.83,7794034,13826799,19255521
1640.19,1912.55,2523.65,4682740,5460319,7205012
1392.02,1410.42,2194.39,4682740,4744663,7381923
1077.98,1153.42,1681.85,4682740,5010455,7305978
1065.23,1173.62,1897.23,4682740,5159239,8340232
619.08,1217.41,1209.36,4682740,9208525,9147602
779.16,1176.46,1417.93,4682740,7070506,8521782
983.77,1254.64,1726.08,4682740,5972092,8216142
1415.04,2510.31,3495.92,7794034,13826799,19255521
490.44,749.88,991.01,9365480,14319668,18924394
1109.92,1370.52,1764.17,4682740,5782233,7443017
1448.42,1322.56,2233.49,4682740,4275830,7220883
2780.72,2865.83,4136.36,4682740,4826064,6965632
1176.24,1408.99,1889.60,4716719,5650032,7577316
1175.09,1091.68,1739.48,4682740,4350341,6931833
604.38,1063.07,1258.84,4682740,8236704,9753473
699.33,891.10,1451.03,4682740,5966785,9716130
565.50,1119.02,1219.24,6243653,12355085,13461598
1447.50,1147.40,2183.74,4682662,3711828,7064412
311.29,423.67,711.88,15609133,21243975,35695675
452.19,826.42,1085.67,4625908,8454236,11106430
481.28,887.95,1095.41,6243653,11519415,14210750
1461.57,1593.48,2208.73,4682881,5105512,7076784
1574.03,1489.75,2678.47,4682740,4432009,7968448
664.22,959.58,1293.98,4682740,6765032,9122580
750.68,906.72,1401.11,4682740,5656103,8740136
1065.47,1389.53,2071.41,4682740,6107005,9103853
635.12,1040.86,1333.84,4682740,7674236,9834413
409.34,694.63,932.65,10926393,18541784,24895166
568.06,1023.41,1289.50,7804567,14060570,17716411
1477.67,1725.71,2264.99,4682740,5468779,7177750
284.65,767.04,997.69,18730960,50473691,65651023
583.16,1045.84,1248.85,9365480,16796217,20056535
456.32,766.15,996.92,4682740,7862279,10230352
522.53,807.41,1107.29,7804567,12059495,16538514
525.58,1029.14,1177.79,7412226,14513993,16610409
551.44,939.37,1157.50,7804567,13294930,16382042
1664.68,1609.55,2675.21,4682740,4527664,7525359
507.89,749.02,1065.81,4682740,6905927,9826785
535.15,917.07,1109.82,7804567,13374570,16185633
507.28,963.58,1230.23,4716719,8959324,11438714
1870.10,2101.57,2804.68,4682740,5262323,7022921
928.19,1031.86,1541.43,4682740,5205727,7776499
2256.74,1666.59,3166.51,4682745,3458182,6570504
265.01,492.90,861.46,25024476,46544247,81346821
380.37,737.79,1041.62,13346387,25887607,36548404
569.75,1176.91,1395.68,10019709,20697058,24544496
441.37,903.47,1203.80,10009791,20489785,27300943
403.28,937.40,1197.50,13346387,31023268,39631156
373.17,765.76,1027.91,15014686,30810431,41357990
606.26,861.65,1329.85,8341492,11855475,18297367
380.90,995.68,1106.01,14251358,37253516,41381405
348.68,618.57,861.43,7794034,13826799,19255521
453.45,942.39,1201.53,9948234,20675035,26360317
654.11,949.78,1465.22,6673194,9689665,14948154
429.28,761.56,1060.56,7794034,13826799,19255521
234.96,458.23,772.04,18163132,35422109,59680401
291.01,709.14,933.51,20019581,48783951,64218658
658.88,1211.90,1416.88,8417859,15483238,18102014
368.62,803.23,1015.66,15014686,32717077,41370002
440.84,1037.91,1325.92,5004895,11783406,15053126
482.69,1131.96,1326.39,9775881,22925504,26863417
299.42,854.23,1165.08,21687880,61873366,84389216
555.96,1323.95,1657.62,6673194,15891421,19896437
312.80,636.13,915.25,18351283,37320649,53696000
383.96,943.23,1156.33,13499121,33162212,40654287
366.63,697.78,983.98,16682984,31751216,44774178
396.94,826.97,1031.11,15014686,31281155,39002679
399.69,734.09,1150.74,15014686,27577000,43228625
565.91,1262.82,1569.67,5004895,11168378,13882127
684.95,1200.95,1459.92,5004895,8775322,10667670
332.33,766.32,1012.60,15014686,34622249,45749071
665.35,856.72,1285.80,8341492,10740681,16120080
352.20,662.82,1003.86,18351283,34536028,52306156
301.94,1493.06,2087.60,55867188,276252700,386257271
375.39,1018.21,1113.67,11589537,31435053,34382408
531.90,882.65,1071.85,10009791,16610579,20171230
293.26,520.25,724.52,7794034,13826799,19255521
599.84,958.38,1322.49,6673194,10661938,14712696
886.14,1453.62,1941.74,5004895,8210058,10966943
375.17,624.84,1089.94,54198890,90268720,157459746
487.69,848.85,1146.87,8341492,14518735,19616064
613.69,1604.24,2140.22,5005232,13084203,17455615
476.25,890.86,1165.35,11678089,21844870,28575436
510.89,915.67,1267.31,10009791,17940798,24830395
538.91,1036.73,1273.94,10009792,19256239,23662193
566.39,1030.10,1300.18,6673194,12136601,15318703
267.43,683.73,782.89,20019581,51182874,58605763
179.25,658.65,1013.96,56448526,207417119,319307322
605.96,983.23,1588.35,8341632,13535087,21865198
352.89,885.01,1006.00,13346387,33471153,38047052
619.15,899.70,1554.98,6673194,9696916,16759571
537.99,1006.94,1335.39,6673194,12490115,16564232
497.08,1088.40,1471.31,10009791,21917180,29627798
480.94,768.77,1087.75,11678089,18667226,26412673
478.87,841.67,1165.18,8341492,14661041,20296338
531.29,1513.85,1860.16,6615652,18850492,23162656
736.10,1284.26,1388.76,12648430,22067381,23863017
427.97,1034.77,1119.37,10010184,24203370,26182082
394.22,1143.95,1546.08,13346387,38728362,52342549
493.68,952.14,1362.20,8351549,16107293,23044253
315.18,822.84,1016.38,20019581,52264480,64557537
421.87,963.09,1202.21,13346387,30468318,38033017
486.60,797.60,1112.92,10009791,16407516,22893958
2963.51,5257.34,7321.49,7794034,13826799,19255521
584.96,625.15,1155.62,6686049,7145471,13208735
526.78,901.37,1252.74,11678089,19982387,27771994
398.77,1207.71,1720.39,11678089,35367666,50381709
583.61,907.97,1166.78,8341492,12977545,16676838
418.39,673.55,994.02,11678089,18800041,27745105
232.05,733.19,1048.29,30029372,94881020,135656466
402.43,678.50,955.98,11678089,19689494,27741668
290.47,1018.12,1320.47,21972199,77014820,99885877
730.11,1545.09,2015.03,5004895,10591573,13813006
283.66,642.13,1046.68,21687880,49096236,80026805
545.20,1332.20,1514.45,10009791,24459205,27805286
433.26,859.93,1149.11,11678089,23178484,30973113
664.31,1215.64,1652.23,5004895,9158607,12447883
245.29,621.41,1058.59,25024476,63396861,107998817
567.09,911.99,1259.82,6679783,10742323,14839434
437.16,711.32,1037.28,8341493,13572701,19792293
1113.19,1552.87,2274.51,5004895,6981722,10226204
268.96,2788.59,4488.94,21687880,224863493,361974448
277.17,491.71,684.76,7794034,13826799,19255521
1145.55,2910.68,4823.02,5004895,12716744,21071775
444.78,896.64,1246.96,11678089,23542183,32740057
457.40,719.22,1397.71,10009791,15739330,30587481
377.04,768.66,1019.21,13346387,27209164,36078007
600.93,1016.54,1324.80,8341492,14110588,18389522
491.32,928.82,1801.29,11678089,22077197,42814825
531.58,1450.27,1899.90,8341492,22757605,29813279
86.67,596.19,957.62,55867188,384313826,617299426
580.23,1240.83,1568.92,6673194,14270788,18044124
527.31,1025.38,1360.25,8341492,16220464,21517814
597.40,902.01,1349.68,8341492,12594818,18845520
379.86,783.92,1001.43,11678089,24099963,30786921
528.85,1285.13,1583.42,8341492,20270315,24975349
629.31,1072.69,1539.39,6673194,11374841,16323703
608.65,1040.30,1437.17,8341492,14257283,19696428
573.65,958.96,1260.67,8341492,13944282,18331411
521.12,927.02,1139.31,8341492,14838823,18236891
484.52,1179.93,1396.25,10009791,24376089,28845091
550.05,1275.49,1590.56,6673194,15474254,19296615
534.20,1047.01,1231.26,8341492,16349064,19226061
441.46,920.85,1269.41,10047687,20958449,28891770
364.38,763.31,1153.62,13346387,27958696,42254963
331.02,686.35,971.03,18351283,38050604,53832773
488.11,919.32,1176.67,11678089,21994720,28151741
490.82,798.31,1175.24,6673194,10853771,15978609
553.55,929.93,1282.00,10009791,16815908,23182385
545.64,1096.65,1455.51,6673194,13412009,17800895
582.99,863.69,1159.63,8341492,12357672,16591992
323.68,690.89,1134.15,18351283,39170889,64301645
379.21,765.59,1026.03,11678089,23577117,31597643
147.88,611.20,902.55,55867188,230899012,340964483
437.53,1075.43,1341.12,10009791,24603712,30682153
632.89,1164.90,1564.52,8341492,15353435,20620431
311.07,642.40,944.64,20019581,41343307,60794928
306.82,873.24,1317.16,18263521,51980500,78405089
611.17,1386.44,1520.62,5004895,11353533,12452328
460.14,887.22,1284.23,11800193,22752793,32934000
606.60,1153.64,1554.91,6673194,12691218,17105547
494.95,1218.56,1330.97,10009791,24644119,26917627
412.59,861.21,1121.63,11811731,24654738,32110034
324.84,740.91,935.93,16682984,38050898,48066410
185.94,555.28,819.08,55867188,166843079,246104190
477.93,1067.18,1230.65,10009791,22351009,25774768
318.12,625.45,986.47,20019581,39360200,62079789
410.76,1390.07,2116.04,13346387,45166288,68754279
190.05,753.48,1080.74,55867188,221493605,317695198
593.59,968.41,1262.72,6673193,10886893,14195520
421.04,1155.30,1191.24,10124341,27780343,28644657
496.55,0.00,1175.12,6673194,0,15792396
482.84,917.27,1229.34,11678089,22185103,29732873
742.68,1174.36,1742.15,5004895,7913995,11740379
199.98,939.85,1646.56,307503712,1445209553,2531927555
522.38,965.63,1285.97,10009791,18503431,24641814
337.87,772.26,1078.44,15014686,34318379,47924951
451.89,1200.84,1636.53,10009791,26599705,36250874
742.14,1144.89,1712.96,8341641,12868593,19253726
537.47,980.81,1230.32,5004895,9133295,11456743
324.06,664.50,1043.17,18351283,37629980,59073528
544.88,1008.63,1334.44,8341492,15441135,20428964
455.92,734.81,1067.98,10009791,16132666,23447505
613.62,1094.23,1651.93,8341492,14874974,22456339
567.06,891.66,1285.36,6673194,10493055,15126078
247.63,584.53,814.63,21687880,51194179,71347188
627.59,1016.66,1546.80,8391492,13593735,20682213
385.10,845.80,1161.25,15186511,33354301,45793884
512.49,867.03,1234.86,6673194,11289661,16079146
455.36,852.40,1167.83,5004895,9368713,12835644
478.67,770.25,1091.67,6673194,10738061,15219007
313.34,641.55,882.69,16682984,34157650,46996301
378.36,726.59,950.05,13346387,25629864,33511982
469.68,889.93,1261.26,10009791,18966113,26879927
488.57,1053.48,1266.61,10009791,21583710,25950407
550.59,865.97,1339.78,10009791,15743415,24357245
409.18,794.24,1024.76,13346387,25905762,33424492
419.32,884.07,1146.75,13346387,28139065,36499987
243.20,558.82,849.96,25024476,57499856,87456979
588.81,1092.49,1363.08,10009790,18572265,23172404
273.73,623.10,946.81,21687880,49369083,75017525
546.06,1133.76,1495.73,10009791,20782958,27418173
395.02,816.67,1293.34,13346387,27592905,43698098
372.61,819.39,1117.52,15014686,33018234,45031537
599.46,1361.38,1626.91,6673194,15154862,18110728
871.33,1280.27,1964.66,5004895,7353897,11285006
313.62,650.99,979.37,18351283,38092441,57307943
441.90,813.10,993.55,11678089,21487688,26256522
524.42,849.71,1161.64,6673194,10812525,14781922
453.59,714.99,997.56,10009791,15778294,22014233
483.21,1196.31,1449.44,10009792,24781592,30025232
401.95,679.54,976.68,10009791,16922471,24322311
742.90,1595.47,1708.81,5004895,10748694,11512241
539.55,1088.63,1351.31,5005909,10100292,12537469
340.94,706.51,983.60,18351283,38027739,52942226
375.38,632.43,935.41,13346387,22485277,33257583
511.16,851.36,1107.85,6673194,11114491,14462937
447.16,980.06,1226.75,11678089,25595304,32037734
555.88,695.73,1435.07,8341492,10440117,21534611
409.82,815.13,1221.92,10009791,19909498,29845457
631.53,1606.90,1595.77,5004895,12734709,12646508
519.65,936.64,1278.78,8341492,15034980,20526972
852.55,1512.45,2106.27,7794034,13826799,19255521
635.70,1082.07,1610.31,5004895,8519130,12677994
549.32,890.06,1249.62,10009791,16218600,22770641
380.00,758.17,1108.01,11678089,23300175,34051443
218.21,611.90,861.08,28361073,79530785,111918264
567.13,1309.70,1518.56,7992624,18457566,21401027
567.43,941.41,1210.26,3829601,6353571,8168031
751.20,919.43,1153.80,3829601,4687259,5882072
387.98,774.47,1251.18,6382669,12740795,20583104
520.52,659.15,1076.52,3821170,4838788,7902750
743.18,877.49,1484.88,3829601,4521706,7651570
464.65,778.93,1075.95,6340589,10629252,14682357
295.94,682.48,821.36,11488803,26495145,31886663
758.34,1110.65,1539.82,3829601,5608794,7776088
446.99,884.54,1000.69,7659202,15156570,17146891
191.99,265.82,403.41,1280942,1773529,2691562
856.68,1519.76,2116.46,7794034,13826799,19255521
2564.67,4549.79,6336.14,7794034,13826799,19255521
662.68,1094.58,1402.70,3829601,6325576,8106217
1569.51,1424.62,2166.92,3829601,3476066,5287283
816.89,967.61,1557.51,3829601,4536153,7301626
510.41,919.97,1344.49,3829601,6902498,10087720
461.38,639.55,1007.95,5106135,7077873,11154959
485.56,923.33,1642.81,5106135,9709751,17275801
2023.37,3589.51,4998.84,7794034,13826799,19255521
245.02,701.52,815.89,10989352,31462963,36592488
489.97,592.74,788.83,1584548,1916912,2551078
579.63,789.13,1190.15,3829601,5213794,7863310
346.70,740.36,1094.88,8935736,19081979,28219326
1013.66,1274.47,1703.15,3829601,4814940,6434518
1166.14,1107.15,1831.52,3829601,3635883,6014698
386.40,724.64,1031.81,3829601,7181861,10226225
1465.32,2599.51,3620.14,7794034,13826799,19255521
636.68,900.24,1458.39,3829601,5414959,8772200
608.26,849.94,1353.59,3829601,5351202,8522190
876.54,1173.42,1495.74,3829601,5126687,6534874
338.46,781.80,1061.28,7659050,17691443,24015800
722.02,1294.95,1653.91,3829601,6868417,8772317
710.11,890.77,1304.06,3829601,4803942,7032798
618.38,844.98,1207.23,3829608,5232991,7476378
480.74,737.69,1058.39,3829601,5876448,8431116
994.70,1226.66,1876.43,3829601,4722655,7224251
401.55,836.95,1090.85,7659202,15964008,20806864
480.26,1036.56,1297.82,3829601,8265522,10348796
385.74,834.85,1006.75,3829601,8288433,9995047
1145.56,1162.86,1992.86,3829601,3887454,6662129
534.64,832.06,1343.19,3829601,5960020,9621252
669.34,696.75,1305.06,3795815,3951265,7400983
708.14,1150.36,1472.20,3829601,6221165,7961633
823.44,870.88,1856.86,3864407,4087057,8714260
684.84,927.84,1386.63,3829601,5188506,7754033
562.93,900.16,1168.46,3829601,6123765,7949014
264.91,609.44,884.39,11968007,27532458,39954024
976.69,1294.80,1846.13,3829601,5076916,7238687
382.58,637.65,933.67,7659202,12765728,18692065
466.19,797.68,1140.60,5106135,8736949,12493023
2009.81,3565.45,4965.32,7794034,13826799,19255521
500.01,811.21,1137.62,5106135,8284044,11617379
693.14,947.02,1428.18,3829601,5232262,7890720
793.54,1140.33,1881.17,3829601,5503241,9078522
417.71,775.07,1133.34,7659202,14211684,20780862
759.99,1282.85,1653.10,3829601,6464304,8329992
343.97,705.50,958.48,8955569,18368474,24955099
846.32,1137.78,1565.85,3829601,5148440,7085470
687.29,1110.86,1441.51,3829601,6189698,8032100
1004.88,1363.71,1778.80,3829601,5197105,6778990
634.46,943.96,1399.94,3829601,5697749,8450020
515.22,922.80,1210.83,3829601,6859173,9000097
855.78,916.60,1531.35,3829601,4101796,6852778
1716.37,3044.88,4240.37,7794034,13826799,19255521
351.70,785.48,1072.42,8935736,19956623,27246877
493.48,847.65,1131.22,3864407,6637968,8858604
383.69,752.81,988.29,3829601,7513814,9864161
724.29,1284.90,1789.38,7794034,13826799,19255521
1656.89,2939.37,4093.44,7794034,13826799,19255521
915.49,1213.58,1798.93,3829501,5076402,7524924
786.53,920.62,1625.21,3829619,4482523,7913151
384.56,597.19,829.51,5106135,7929444,11014291
1167.65,2071.43,2884.72,7794034,13826799,19255521
582.98,706.86,1171.61,3829601,4643365,7696299
836.80,1267.76,1664.53,3568118,5405738,7097553
552.31,998.37,1173.49,5106135,9229955,10848870
439.82,805.06,969.50,6382669,11683035,14069334
1670.75,2963.94,4127.66,7794034,13826799,19255521
304.20,716.12,910.65,11488803,27045612,34392605
754.75,967.61,1436.26,3829601,4909628,7287576
877.14,1064.62,1556.51,3829601,4648127,6795732
1542.95,1652.56,2397.90,3829601,4101664,5951592
243.40,1006.14,1255.69,14041871,58043998,72440978
731.54,890.24,1285.79,3829601,4660413,6731105
855.39,1093.08,1517.71,3829601,4893713,6794803
1330.18,1260.02,1971.42,3829601,3627609,5675705
445.72,673.20,1051.61,3829601,5784171,9035463
459.31,839.97,1779.87,5106135,9337914,19786817
699.47,1072.01,1348.32,3829601,5869279,7382063
490.88,919.94,1244.05,5106135,9569228,12940596
372.96,1257.08,2055.02,3829601,12907701,21100960
870.17,1372.41,2020.49,3829601,6039957,8892177
1015.54,1112.55,1705.70,3829601,4195412,6432182
429.62,804.27,1079.21,3829601,7169282,9620104
429.95,768.27,1022.05,6382669,11404982,15172265
410.59,658.62,944.79,3829601,6142952,8812027
291.27,544.71,709.93,2394562,4478057,5836354
459.64,665.90,1158.07,5106135,7397443,12864977
478.38,875.24,1182.81,5108193,9345776,12630092
669.28,957.22,1419.96,3829601,5477220,8125022
424.69,769.36,1118.15,7659202,13875438,20165821
888.74,1003.16,1467.50,3829601,4322627,6323452
822.51,1186.57,1734.71,3829601,5524682,8076790
872.35,792.05,1597.01,3829601,3477081,7010881
1293.78,1554.85,2331.49,3829601,4602354,6901204
461.94,755.35,1097.43,6382669,10436661,15163201
750.90,992.07,1556.78,3829601,5059582,7939565
92.11,233.76,367.90,3415845,8669075,13643421
1638.43,2906.62,4047.83,7794034,13826799,19255521
712.75,1044.50,1567.76,3829601,5612086,8423589
1725.49,3061.06,4262.90,7794034,13826799,19255521
1441.87,1386.05,2120.36,3829601,3681351,5631674
478.22,1021.44,1256.65,3829601,8179694,10063275
846.69,1315.59,1675.15,3829601,5950414,7576701
1213.65,2153.04,2998.37,7794034,13826799,19255521
991.35,1304.11,1829.48,3829601,5037784,7067265
789.61,1023.28,1537.28,3829601,4962900,7455791
1475.86,2618.22,3646.19,7794034,13826799,19255521
274.38,486.76,677.87,7794034,13826799,19255521
315.28,559.31,778.91,7794034,13826799,19255521
489.97,929.01,1177.45,3829601,7261129,9202975
1495.11,2652.37,3693.75,7794034,13826799,19255521
490.22,802.93,1216.77,3829601,6272518,9505424
859.43,883.05,1393.55,3829601,3934854,6209669
615.69,905.32,1301.71,3829601,5631114,8096645
487.55,756.48,1114.72,5106135,7922614,11674497
317.01,715.17,1035.76,10236087,23092028,33443778
3056.35,2564.64,3833.15,3829601,3213491,4802936
565.76,1184.65,1407.99,3829601,8018888,9530656
494.16,893.23,1257.05,5106135,9229788,12989047
518.14,853.62,1099.80,3829601,6309137,8128642
493.58,971.31,1226.85,5106135,10048224,12691792
941.40,1377.55,1960.06,3829601,5603860,7973537
589.26,1038.11,1444.26,3829601,6746663,9386241
452.46,837.54,1113.86,3829601,7088978,9427670
523.10,850.76,1105.56,3829601,6228409,8093783
966.04,1713.78,2386.65,7794034,13826799,19255521
840.56,914.19,1461.26,3829601,4165039,6657487
949.80,1684.96,2346.52,7794034,13826799,19255521
589.35,890.26,1256.80,3829601,5784884,8166683
1174.72,1414.98,1910.19,3829601,4612837,6227231
286.54,682.61,845.00,10212270,24328173,30115831
1458.34,1410.67,2327.85,3829601,3704413,6112937
575.27,786.36,1262.77,3829601,5234775,8406236
943.49,1082.60,1705.43,3829621,4394287,6922337
1138.75,1259.44,1803.30,3829601,4235511,6064509
766.99,1170.92,1703.05,3829601,5846416,8503306
464.36,793.88,1137.82,6382669,10911882,15639330
923.46,909.47,1608.79,3829601,3771585,6671650
496.90,961.41,1354.10,5106135,9879403,13914732
359.50,556.77,958.70,52380665,81123672,139688003
1714.48,3041.53,4235.71,7794034,13826799,19255521
1276.66,2264.83,3154.06,7794034,13826799,19255521
2074.54,3680.28,5125.24,7794034,13826799,19255521
387.53,981.27,1286.75,7667295,19414415,25458293
2127.77,3774.72,5256.76,7794034,13826799,19255521
306.40,672.54,866.09,11488803,25217553,32475096
1591.03,1528.81,2624.42,3829601,3679841,6316987
1861.48,3302.32,4598.88,7794034,13826799,19255521
226.05,679.12,1193.20,16594938,49856801,87597814
664.28,1178.45,1641.14,7794034,13826799,19255521
433.43,628.21,1059.57,7659202,11101138,18723724
324.31,682.22,941.28,8935736,18797283,25935142
247.73,740.94,936.76,15318405,45815055,57923392
429.20,876.40,1222.13,5106135,10426533,14539652
1496.52,1572.66,2556.00,3829601,4024429,6540810
2526.43,4481.94,6241.66,7794034,13826799,19255521
447.75,978.21,1208.98,3829601,8366616,10340444
455.90,809.97,1119.37,3829601,6803761,9402688
436.27,788.40,1139.14,7659202,13841172,19998816
902.99,1097.68,1976.55,3829601,4655276,8382551
898.33,975.01,1678.60,3829601,4156447,7155878
559.47,887.92,1520.45,3829601,6077836,10407500
610.49,830.57,1200.88,3829601,5210179,7533108
635.41,604.34,1118.78,3829601,3642379,6742909
1009.38,963.66,1696.82,3829601,3656114,6437748
628.22,1120.83,1458.92,3829601,6832596,8893568
700.96,866.45,1314.38,3864407,4776766,7246160
778.85,880.08,1400.13,3829601,4327356,6884452
743.76,932.51,1339.54,3829601,4801471,6897279
1297.49,2301.78,3205.51,7794034,13826799,19255521
1859.93,1737.95,2752.65,3829601,3578430,5667710
1049.78,930.38,1662.34,3829601,3394015,6064201
887.92,1042.06,1726.33,3829601,4494425,7445659
1247.83,1394.17,2044.94,3829601,4278694,6275910
1400.04,2483.71,3458.87,7794034,13826799,19255521
608.07,980.21,1361.08,3829601,6173343,8572110
2758.95,4894.44,6816.11,7794034,13826799,19255521
805.55,1159.04,1446.48,3829601,5510055,6876565
861.55,988.58,1616.28,3829601,4394260,7184385
682.88,1190.91,1523.60,3829601,6678632,8544366
621.99,773.60,1351.50,3829601,4763061,8321213
823.39,1120.01,1472.58,3829601,5209165,6848948
522.03,956.48,1250.59,3829601,7016730,9174344
391.82,634.90,1109.80,7659202,12411119,21694422
743.90,1079.29,1472.59,3829601,5556183,7580875
1035.03,1265.38,1883.43,3829601,4681906,6968708
581.03,766.14,1162.93,3829601,5049640,7664855
674.82,1238.22,1529.21,3829601,7026885,8678272
865.06,1206.95,1598.73,3829601,5343147,7077570
1495.35,1141.69,2230.27,3829601,2923860,5711734
1814.98,1807.86,2715.19,3829601,3814591,5729060
1286.83,1245.64,2119.91,3829601,3707026,6308854
422.37,725.81,1073.11,7659202,13161803,19459809
571.45,1013.77,1411.80,7794034,13826799,19255521
315.91,669.19,880.52,10212270,21632844,28464601
1075.73,1613.76,2189.02,3829601,5744994,7792926
1893.59,3359.28,4678.21,7794034,13826799,19255521
810.27,1437.45,2001.82,7794034,13826799,19255521
450.12,826.59,1178.13,6382669,11720985,16705819
422.81,804.10,1188.91,5106232,9711160,14358472
846.88,933.78,1629.94,3829601,4222547,7370603
614.80,777.42,1145.23,3829601,4842548,7133622
1391.07,1255.87,2253.36,3829603,3457417,6203499
1461.68,1436.36,2188.85,3829601,3763272,5734780
337.01,903.39,1554.35,274404974,735568895,1265602236
269.35,790.61,977.91,11488803,33722883,41711957
380.13,1209.07,1941.29,7659202,24361524,39115032
372.24,723.16,964.50,7566246,14698978,19604428
766.62,1124.14,1476.20,3766395,5522918,7252590
883.21,926.33,1535.02,3829601,4016587,6655852
1282.52,1650.09,2270.39,3829601,4927168,6779370
1244.99,1257.04,2009.85,3829601,3866663,6182304
894.77,991.57,1677.57,3829601,4243938,7179993
577.34,812.27,1226.65,6370995,8963409,13536051
329.16,712.08,1075.88,17520236,37901684,57265834
718.74,1275.06,1775.68,7794034,13826799,19255521
1687.45,2111.21,2633.24,5028613,6291413,7847061
589.60,855.46,1321.65,7963744,11554649,17851553
980.96,1216.19,1824.50,4778246,5924079,8887124
517.76,1834.71,2210.87,6370995,22576158,27204711
551.65,826.78,1242.98,6370986,9548529,14355149
691.80,1242.05,1587.18,4778246,8578837,10962640
366.54,949.25,1112.53,12742066,32998938,38674878
440.42,1552.22,2271.61,11149241,39294445,57505924
492.96,1263.28,1782.34,6370995,16326672,23034982
839.06,1488.51,2072.94,7794034,13826799,19255521
557.36,1358.71,2069.96,4778246,11648180,17745742
461.06,887.87,1249.31,11149241,21470376,30210898
1973.17,3500.46,4874.82,7794034,13826799,19255521
934.50,1355.31,1846.26,4778118,6929712,9439938
1970.41,2562.27,3618.21,4778245,6213512,8774153
506.17,776.64,1190.56,4778246,7331458,11238906
550.31,1038.45,1343.71,6370995,12022155,15556152
794.26,603.05,1318.60,4778246,3627970,7932676
1444.45,1643.20,2410.13,4778246,5435712,7972717
304.79,537.56,1012.26,19112984,33710119,63477549
633.52,932.48,1273.64,6503745,9572870,13075168
373.57,919.97,1266.28,11549241,28441680,39148337
488.17,1177.35,1402.46,9556492,23047741,27454589
596.18,1081.84,1191.29,4429046,8037021,8850110
798.41,1416.39,1972.50,7794034,13826799,19255521
280.49,859.03,1079.28,19112984,58535117,73543500
583.64,1150.94,1382.13,6370995,12563700,15087365
884.04,1364.16,1610.16,4778246,7373301,8702929
1001.31,1659.62,2108.43,4778246,7919720,10061451
599.75,884.72,1289.38,4778246,7048540,10272499
336.09,670.77,961.29,14335076,28609861,41000904
736.02,1275.20,1680.28,4778246,8278566,10908400
261.26,817.09,1160.63,52892918,165425330,234975926
913.45,1052.10,1712.58,4778259,5503536,8958484
820.72,1044.18,1621.64,4778246,6079245,9441209
608.21,709.49,1050.63,6370995,7431864,11005347
388.97,953.68,1290.10,9556492,23430940,31696439
1359.27,2411.37,3358.13,7794034,13826799,19255521
1678.73,1740.67,2522.10,4791107,4967877,7198070
521.91,790.11,1050.02,4675782,7078572,9407136
1593.00,1646.96,2515.36,4578272,4733375,7229140
1128.81,1388.26,2046.08,4778246,5876502,8661062
3610.02,6404.26,8918.72,7794034,13826799,19255521
425.09,1191.39,1837.13,9556492,26783692,41300560
514.87,1206.48,1806.49,6370995,14928996,22353446
508.70,874.67,1481.31,4778246,8215795,13913963
628.35,1114.70,1552.36,7794034,13826799,19255521
523.46,1698.98,2043.24,6370995,20678252,24868216
574.75,979.60,1471.60,7963764,13573305,20390537
2300.55,2255.93,3182.26,4778246,4685572,6609557
689.30,1160.33,1518.96,4778246,8043393,10529401
858.78,1688.10,2101.70,4778246,9392607,11693867
602.93,1197.14,1281.24,4778246,9487357,10153843
702.58,1119.84,1609.84,4778246,7616045,10948490
893.97,1674.30,1779.62,4778246,8949137,9512092
530.27,1043.13,1493.04,4778246,9399604,13453740
883.34,1161.71,1638.23,4877809,6414988,9046328
2989.66,5303.72,7386.08,7794034,13826799,19255521
589.64,865.24,1304.04,7963744,11685934,17612340
525.96,696.77,1088.60,6370995,8439928,13186237
395.38,725.16,1073.92,12741990,23369848,34609091
1837.08,2454.93,3524.42,4778246,6385266,9167009
815.71,1223.03,1668.09,4786563,7176740,9788328
540.16,1160.70,1303.63,9556492,20535187,23063847
1333.96,1733.98,2345.41,4778251,6211131,8401270
764.06,1127.35,1517.17,4757824,7019998,9447426
683.68,974.85,1123.08,4778246,6813221,7849224
1790.95,2098.54,2933.39,4778246,5598897,7826290
569.53,987.80,1402.07,7963744,13812426,19605197
632.10,1148.75,1474.96,4781237,8689152,11156607
613.72,1221.78,1371.46,6370995,12683304,14237154
1036.05,1179.22,1749.09,4778246,5438567,8066815
1315.34,1691.69,2084.28,4778615,6145903,7572183
523.27,1301.08,1577.04,5028581,12503421,15155311
275.14,939.01,1218.51,19112984,65230274,84646509
385.09,1307.72,2265.34,11149941,37863584,65590737
1351.31,1504.87,2222.62,4778246,5321222,7859170
578.15,968.12,1244.60,4778436,8001527,10286615
581.44,867.90,1188.18,4778246,7132372,9764455
457.64,1058.48,1424.73,4778246,11051609,14875612
1140.94,1489.38,2055.84,4778246,6237533,8609837
558.22,738.00,1264.60,6370995,8422811,14432858
481.34,875.45,1257.64,9956492,18108650,26014220
2113.33,2076.83,3324.31,4778246,4695723,7516255
209.02,864.06,1360.53,54306194,224494639,353486885
220.56,936.91,1469.48,177275793,753032326,1181077577
468.77,1129.69,1349.21,11149241,26868636,32089624
366.51,710.23,990.48,13007491,25206102,35152287
1115.58,1657.58,2362.19,4791435,7119308,10145620
1016.86,1347.79,1828.69,4778246,6333260,8593003
1209.07,1409.77,2087.45,4778246,5571408,8249586
2019.70,3583.00,4989.77,7794034,13826799,19255521
986.22,1473.79,1904.01,4778246,7140518,9224919
457.66,785.28,1034.75,9315258,15983566,21061287
475.02,964.82,1509.13,4778246,9705086,15180323
609.18,926.29,1384.02,6761880,10281824,15362588
1656.73,1976.81,2666.42,4796246,5722858,7719299
527.95,765.74,1098.27,6316369,9161340,13139689
1003.41,1268.42,2009.15,4778246,6040226,9567595
401.91,877.44,1209.30,11150897,24344566,33551934
1357.07,2019.21,2681.08,4778246,7109635,9440091
1844.88,2172.14,3249.50,4778246,5625836,8416215
666.33,1112.32,1447.77,4778246,7976420,10381976
564.24,1061.04,1213.29,7963744,14975539,17124335
474.31,2290.22,2746.11,6370995,30762227,36885767
2257.18,4004.29,5576.46,7794034,13826799,19255521
456.74,871.20,1034.31,6371014,12152380,14427625
652.77,1154.12,1357.12,4778246,8448133,9934096
915.90,1996.65,2776.13,4778246,10416547,14483057
544.96,1301.20,1421.22,4778246,11408946,12461237
567.22,1103.64,1500.64,4778246,9297090,12641399
1018.38,1127.35,1807.44,4778246,5289539,8480497
1572.54,1446.04,3054.64,4816680,4429235,9356366
1509.71,2131.08,2763.47,4778246,6744854,8746374
1209.96,1497.87,2165.73,5028581,6225161,9000757
676.13,1259.01,1418.01,4778246,8897457,10021108
1081.54,1409.57,2198.22,4778246,6227461,9711736
2113.92,3750.15,5222.54,7794034,13826799,19255521
1329.14,2615.81,2393.28,4778246,9403827,8603857
358.81,838.90,1004.15,12844481,30030181,35945551
576.71,822.33,1276.69,7963744,11355609,17629759
1906.84,1886.47,2843.22,4816680,4765212,7181983
430.16,710.32,1050.96,9556492,15780563,23348158
1606.13,2002.51,2783.75,4778246,5957475,8281668
1223.62,1664.84,2047.08,4778246,6501188,7993839
1404.95,1486.02,2496.20,4778246,5053960,8489581
2011.88,3569.13,4970.45,7794034,13826799,19255521
236.18,872.77,1244.87,20705733,76514034,109135619
806.86,993.00,1400.37,4778246,5880525,8292977
379.27,879.91,1218.87,15085742,34999168,48481967
511.32,791.74,1170.79,6317850,9782773,14466267
1129.34,1446.96,1990.84,4778246,6122104,8423235
431.31,936.36,1190.84,9556492,20746860,26385457
551.12,1093.67,1619.89,4778246,9482149,14044478
529.00,1044.38,1317.93,8380968,16546172,20879937
766.36,1152.05,1571.96,4778246,7183062,9801191
589.11,1048.14,1301.91,4778246,8501470,10559787
588.44,1160.00,1434.06,6370994,12559315,15526559
792.68,1112.17,1698.54,4778246,6704140,10238810
854.48,1351.30,1766.43,4816680,7617296,9957369
1217.70,1499.74,2221.04,4778246,5884969,8715348
816.44,872.85,1470.23,4688823,5012759,8443553
464.50,1271.12,1523.30,4778269,13075979,15670165
614.96,1103.90,1363.48,4778246,8577313,10594266
726.07,1268.56,1745.82,4778246,8348404,11489248
1052.48,1508.55,1856.07,4778246,6848826,8426536
1355.01,2403.82,3347.62,7794034,13826799,19255521
951.84,1547.09,1806.03,4778246,7766373,9066280
2078.84,2673.74,3605.35,4816680,6195049,8353598
538.27,883.76,1275.29,6370995,10460162,15094314
561.82,909.86,1273.56,7963744,12897283,18052732
483.48,855.64,1135.80,4778246,8456291,11225066
883.88,1363.59,2049.41,4778246,7371543,11079097
559.60,1364.87,1635.70,6370995,15539082,18622407
2081.41,877.01,3340.93,4776834,2012742,7667432
358.76,954.21,1206.81,11153438,29665399,37518447
1430.13,2079.63,2681.46,4816680,7004210,9031142
631.90,922.85,1277.49,6735436,9836654,13616805
490.38,1238.30,1429.76,6370995,16087993,18575447
912.58,1253.38,1591.32,4778246,6562694,8332154
1250.54,1763.01,2288.34,4778317,6736478,8743742
594.36,1281.14,1369.52,6370995,13732554,14679861
2953.18,3568.61,4500.84,4778246,5774015,7282366
1698.40,1855.78,2713.46,4877809,5329797,7793057
2055.57,2630.73,3907.08,4676421,5984912,8888618
466.34,905.96,1198.32,9352841,18169932,24033430
245.99,869.82,1519.06,140495347,496798713,867608876
573.20,850.55,1611.11,6235227,9252331,17525688
462.36,909.74,1306.00,7794034,15335411,22015249
374.47,866.46,1279.75,9352841,21640713,31963152
427.35,858.10,1246.69,10911648,21909763,31831839
604.03,1146.33,1746.55,4676421,8874922,13521771
465.34,886.53,1188.26,7794034,14848571,19902154
1182.11,1599.34,2348.56,4676421,6326975,9290908
378.87,2486.07,4278.15,9352841,61371099,105610363
354.77,1310.06,2139.52,10913043,40298694,65813738
467.50,1778.94,1327.91,9353214,35591223,26567476
461.77,3415.12,4403.82,6235227,46114429,59464784
337.92,1247.19,1646.49,1903500,7025431,9274700
471.82,1147.81,1419.27,7794034,18960644,23444883
1239.24,1550.55,2248.30,4725239,5912265,8572758
1801.67,3196.21,4451.11,7794034,13826799,19255521
290.42,1160.51,1591.72,18705682,74747434,102521393
878.37,1281.55,1796.31,4676421,6822946,9563537
249.28,788.35,880.27,3458529,10937599,12212920
546.71,1002.02,1284.00,6235227,11428065,14644008
1596.59,1672.45,2823.63,4676421,4898604,8270404
837.07,791.22,1602.06,4725239,4466412,9043625
560.18,790.46,1282.02,4676421,6598753,10702293
590.79,1128.98,1719.63,9352841,17872955,27223441
250.94,749.95,1002.61,21823296,65221081,87194180
360.56,827.98,1173.06,14029262,32216807,45643674
950.37,1028.88,1851.78,4725239,5115615,9207043
358.71,1031.72,1546.43,10911648,31383892,47040792
462.17,886.24,1744.41,7794034,14945530,29417768
602.41,1046.07,1548.28,7794034,13534114,20031697
246.49,676.16,1060.92,23382103,64141010,100640129
405.61,1779.68,2593.41,10911648,47877066,69767839
730.58,1163.78,1781.43,4676421,7449366,11402929
472.29,314.46,2376.20,1632222,1086759,8212153
517.79,894.60,1208.86,6235227,10772788,14557048
476.90,995.18,1348.75,7794034,16264218,22042635
566.79,924.24,1388.73,6235227,10167618,15277381
571.96,1076.45,1279.24,7794034,14668803,17432233
636.77,1191.18,1711.04,4676421,8748001,12565914
505.40,811.00,1227.09,9352841,15008451,22708472
549.65,940.00,1401.79,4676421,7997496,11926434
383.74,839.18,1122.07,12470455,27270846,36463986
443.92,858.55,1129.06,10911648,21103142,27752359
757.49,1071.41,1425.57,4725239,6683463,8892692
296.08,583.73,872.19,47618306,93878768,140271853
470.03,1383.92,1820.68,6174835,18180579,23918337
1588.86,1718.18,2905.55,4725275,5109862,8641117
529.43,1058.50,1390.86,4676421,9349703,12285446
782.93,986.14,1725.13,4676421,5890207,10304225
558.78,1161.30,1844.86,4676421,9718924,15439596
353.36,631.36,1027.09,10911648,19496526,31716518
452.78,820.46,1200.03,9953470,18036158,26380261
382.33,865.88,1178.53,10378639,23505241,31992393
383.52,758.56,1134.96,10911648,21581792,32290716
482.48,958.83,1341.16,9353349,18587796,25999712
499.88,1200.40,1750.12,4676331,11229760,16372366
415.46,829.27,1032.68,7134659,14240997,17734151
507.15,2828.26,6896.34,4676421,26079366,63591171
482.98,805.67,962.15,9352841,15601867,18632006
480.78,1208.51,1614.62,6235227,15673161,20940012
664.45,1004.84,1487.43,4676421,7072070,10468507
1271.38,1971.82,2759.00,4766394,7392345,10343483
546.47,1328.94,2231.98,6235227,15163252,25466843
256.95,331.48,608.43,20264489,26142059,47982979
758.84,1346.20,1874.75,7794034,13826799,19255521
658.22,939.54,2129.44,2233356,3187865,7225173
1264.58,1852.48,2596.50,4676421,6850465,9601875
362.49,778.70,1061.22,14029262,30137058,41071300
584.26,1504.32,2042.88,4676421,12040571,16351197
1577.32,1731.51,3038.02,4664148,5120067,8983439
324.48,711.15,936.26,15588068,34163788,44977767
606.30,1211.76,1582.49,7794034,15577127,20342899
462.94,874.68,1321.10,10385624,19622493,29637626
